:0400000030EF07F0E6
:06000800ECEF07F012000E
:0E0010009486948850EF07F0F1EF07F012008D
:10002000D76BD86BD85101082BE3D6C003F0D5C0ED
:10003000E9FFD6C0EAFFEF50400810E2D751100D9B
:10004000F3CFD9F0D6C003F0D5C0E9FFD6C0EAFFA0
:10005000EF50D925BF0F0A0FD76F0CD0D751100D15
:10006000F3CFD9F0D5C0E9FFD6C0EAFFEF50D925CC
:10007000D00FD76FD851D82BD52BD8B4D62BD2D7F9
:10008000D7C001F0120046C103F0010145C1E9FFEC
:1000900046C1EAFFEF5205E143C101F044C102F05D
:1000A0004AD044C103F043C1E9FF44C1EAFFEF5223
:1000B0003FE044C148F143C147F146C14AF145C15F
:1000C00049F148C103F047C1E9FF48C1EAFFEF52D7
:1000D0001EE04AC103F049C1E9FF4AC1EAFFEF52FD
:1000E00016E047C1E9FF48C1EAFFEFCF4BF14AC133
:1000F00003F049C1E9FF4AC1EAFFEF504B5D07E158
:10010000472BD8B4482B492BD8B44A2BDAD74AC14D
:1001100003F049C1E9FF4AC1EAFFEF5205E143C1DB
:1001200001F044C102F007D0432BD8B4442BB9D717
:10013000000E016E026E00011200DA6BD96B010134
:100140004191426B0001D85309E1D75307E1DA51DD
:10015000D65D4FE303E1D551D95D4BE2A4AA3ED071
:1001600001014251422B036ADD0FE96E000E0320AC
:10017000EA6EEACF46F1E9CF45F10001A7DA46C1C0
:10018000EAFF45C1E9FF01C0EFFF040000D0000015
:10019000036A01014251DD0FE96E000E0320EA6E91
:1001A000EF6A040000D00000446BDD0E436FD4C042
:1001B00046F1D3C045F1000166DF02C0DCF001C0AA
:1001C000DBF0DB51DC110AE0040000D0000001018B
:1001D0004181040000D0000000010BD0D92BD8B41D
:1001E000DA2B0400050E006E002EFED700D00000B2
:1001F000AAD7050E0101436F000182D8000E01014C
:1002000041B1010E016E00011200D66BD56BD46BAB
:10021000D36BD76BD151D21105E1006A016A026A32
:10022000036A36D0036AD751D125E96ED251032033
:10023000EA6EEFCFD8F0D85323E0D8512F0820E250
:10024000D85139081DE3D6C0DCF0D5C0DBF0D4C0EE
:10025000DAF0D3C0D9F0E06BDF6BDE6B0A0EDD6F36
:1002600040D2300ED85D0024D36F000E0120D46F31
:10027000000E0220D56F000E0320D66FD72BD2D7E9
:10028000D3C000F0D4C001F0D5C002F0D6C003F056
:10029000120041542B51464F50454E3D226D61692D
:1002A0006E25642E747874220D0A000041542B517F
:1002B00046524541443D313032372C3630300D0AFC
:1002C000000041542B51465345454B3D31303237A8
:1002D0002C256C642C320D0A000041542B514652DF
:1002E0004541443D313032372C34350D0A004154FC
:1002F0002B5146434C4F53453D313032370D0A00A8
:10030000010EEA6E430EE96EEF5011E0050E016E2C
:10031000BF0E006E0400002EFDD7012EF9D72E0E61
:10032000006E002EFED700000400EF2EEFD7120063
:10033000080E016E040E006E002EFED78B9694966A
:10034000040E006E002EFED7DD378B98D8B094884F
:10035000D8A09498948682A6FED7012EEBD7040EDF
:10036000006E002EFED78B96949600009488040EA3
:10037000006E002EFED7040E006E002EFED794866F
:1003800082A6FED7016A040E006E002EFED782B848
:1003900001808B9694968B9894981200080E516E5B
:1003A00000C052F09488040E006E002EFED7948692
:1003B00082A6FED782B8D88082A8D8900136040ED3
:1003C000006E002EFED794968B96512EEBD7948814
:1003D000040E006E002EFED78B985250D8A494982D
:1003E0000000948682A6FED7040E006E002EFED773
:1003F0008B969496040E006E002EFED78B989498E0
:100400004BEF02F04D5203E14C50000803E2A80EFE
:100410004F6E02D0A00E4F6E9488040E006E002E18
:10042000FED79486040E006E002EFED782A6FED75D
:100430008B989498040E006E002EFED78B9694969F
:100440004FC0DDF075DF4BC051F04CC052F04DC0D5
:1004500053F0546A4BC0DDF06BDF4AC0DDF068DF5B
:100460009488040E006E002EFED79486040E006E53
:10047000002EFED782A6FED78B989498040E006EAD
:10048000002EFED78B969496010E4F24506EDD6F92
:100490004FDF006A83D701C04EF094980000948625
:1004A00082A6FED7040E006E002EFED700D00000FC
:1004B0009488040E006E002EFED74EC001F012008C
:1004C000D45303E1D351000803E2A80ED76F02D042
:1004D000A00ED76F9488040E006E002EFED794866F
:1004E000040E006E002EFED78B989498040E006EBA
:1004F000002EFED78B969496D7C0DDF019DFD2C0C0
:10050000D9F0D3C0DAF0D4C0DBF0DC6BD2C0DDF0C0
:100510000FDFD1C0DDF00CDFD5C0DDF009DF94982E
:100520000000948682A6FED7040E006E002EFED731
:1005300000D000009488040E006E002EFED7948830
:10054000040E006E002EFED79486040E006E002E60
:10055000FED78B989498040E006E002EFED78B96D3
:100560009496D7C0DDF0E4DE0150D69101B0D6817B
:10057000D6A11CD09488040E006E002EFED794865F
:10058000040E006E002EFED782A6FED78B9894989C
:10059000040E006E002EFED78B969496D7C0DDF029
:1005A000C7DE0150D69101B0D681E2D71200090012
:1005B000F6CFD2F0F7CFD3F0F550A4A8FED7736EE4
:1005C000D2C0F6FFD3C0F7FFD12FF1D71200D85118
:1005D000016AD75D03E2D7C000F00CD0006A080EB4
:1005E000D96FD7370036D851005CD8B0006E0136CD
:1005F000D92FF7D71200200ED2A9300ED36FD1C059
:1006000000F0D1AF08D0001E002A00C0D1F02D0E9E
:10061000D36FD28FD2810150D1C0D7F0640ED86F82
:10062000D6DF00C0D1F0300E0124D46FD1C0D7F096
:100630000A0ED86FCCDF300E0024D66F300E0124A6
:10064000D56FD3C000F0300ED45D04E0D283D2BFAA
:10065000D28512D0D3C0D4F0200ED36F300ED55D2A
:1006600004E0D281D2BFD28307D0D8A4D28104E1E2
:10067000D4C0D5F0200ED46FD2B505D0D2B307D0F8
:10068000D2B109D00CD0D351A4A8FED7736ED451E7
:10069000A4A8FED7736ED551A4A8FED7736ED65109
:1006A000A4A8FED7736EDFEF04F00900F5520DE049
:1006B000F6CFD1F0F7CFD2F0F550A4A8FED7736EE5
:1006C000D1C0F6FFD2C0F7FFF0D71200A4AAFED720
:1006D00071CF04F074CF01F004A202D07198718838
:1006E0001200E16BE26B010EE36FDA6AD96AE66B26
:1006F000D90EE56FEA6ADD0EE96EE6C0E2FFE5C0FD
:10070000E1FFE3C0E4F0D890E550EE02F350E123BE
:10071000F450E223E42FF7D7E1C0DEFFE2C0E1F0BE
:10072000E26BD8B0E22BE52BD8B4E62BE32BE351F8
:100730000508E0E131EF01F0D8B203D0EA6AE50E36
:10074000E96E006A016A026A036AE56BE66BE76BB1
:10075000E86BE451E311E211E1112CE0200EE96FA6
:10076000D890DD37DE37DF37E037E537E637E73774
:10077000E837E451E85D08E1E351E75D05E1E25166
:10078000E65D02E1E151E55D0FE3E151E55FE25134
:10079000D8A0E23DE65FE351D8A0E33DE75FE45136
:1007A000D8A0E43DE85FD880003601360236033633
:1007B000E92FD6D7E5C0EFFFE6C0ECFFE7C0ECFFBE
:1007C000E8C0ECFF1200E950D56FD4AF0DD0D507CB
:1007D000D58BD11FD21FD31FD41FD12BD8B4D22B6E
:1007E000D8B4D32BD8B4D42B3B0EDC6F9A0EDB6F6E
:1007F000CA0EDA6FD96B0A0ED76FD882EA6AD10EA9
:10080000E96ED4C0E0F0D3C0DFF0D2C0DEF0D1C0DA
:10081000DDF0DCC0E4F0DBC0E3F0DAC0E2F0D9C028
:10082000E1F08ADF015000520FE1D751010A0CE0DC
:10083000D5510CE00F0BD75D01E027E2D5BF25D0E5
:10084000D5BD04D0200E1CD0200ED517D5AB0AD0B4
:10085000D59B00C0D5F02D0EA4A8FED7736ED5C0D1
:1008600000F0D56B300ED5AB0BD0D59B00C0D5F0CA
:100870002D0EA4A8FED7736ED5C000F0D56B300E38
:1008800000260050A4A8FED7736ED892DCC0E0F01A
:10089000DBC0DFF0DAC0DEF0D9C0DDF0E46BE36B83
:1008A000E26B0A0EE16F48DF03C0DCF002C0DBF050
:1008B00001C0DAF000C0D9F0D72F9FD7BAEF05F00A
:1008C000F250036EF29EA68EA6840F01550EA76EFF
:1008D000AA0EA76EA68200000350F21200011200B9
:1008E000D08CA69CF6503F0B006EC00EF6160A0088
:1008F000D1C001F0006607D0EECFF5FF015204E051
:100900000F00010603D000060B000C003F0EF6148A
:100910003F0AF0E1A688D4DFD3DF0166EBD7F86A9F
:1009200006EF07F04C904C924C94526A516A566A0A
:10093000556A546A536A9290899092928982040E01
:10094000D16FFA0E0101436F0001DADCD12FF9D724
:1009500092928992040ED16FFA0E0101436F000149
:10096000CFDCD12FF9D7929089800A0ED16FD20EA9
:100970000101436F0001C4DCD12FF9D79290899017
:10098000280ED16FFA0E0101436F0001B9DCD12F9F
:10099000F9D794928B920550020803E1010E4B6E39
:1009A00002D0020E4B6E920EF66E020EF76E0F0E16
:1009B000D16FFDDD4BC0D1F0180ED26F1CD6A30E47
:1009C000F66E020EF76E070ED16FF1DD040ED16FD9
:1009D000FA0E0101436F000193DCD12FF9D7AC0E61
:1009E000F66E020EF76E61DE4CB097D0A4AA8DD0E1
:1009F0006DDE01C04AF04A500A0825E0565223E154
:100A0000555221E154521FE1535041081CE356C096
:100A100003F055C002F054C001F053C000F0010EC5
:100A20005326D8B0542AD8B4552AD8B4562A070E1B
:100A30000024E96E000E0120EA6E4AC0EFFF0400B8
:100A400000D0000062D04A500A085FE1070E53242C
:100A5000E96E000E5420EA6EEF6A040000D0000038
:100A6000075043084BE10F504C0848E115503A0835
:100A700045E1100ECB6F036ACB51070FE96E000EF4
:100A80000320EA6EEF500D081DE0100ECB5D036AE7
:100A9000C30F016E000E032203C0D2F0036ACB51D4
:100AA000070FE96E000E0320EA6EEFCFD3F0D2C03D
:100AB000EAFF01C0E9FFD3C0EFFF040000D000004F
:100AC000CB2BD9D7100ECB5D036AC30FE96E000E96
:100AD0000320EA6EEF6A4C80010E0101436F0001B2
:100AE0000FDCD26BC30ED16F05EC01F003C0B4F084
:100AF00002C0B3F001C0B2F000C0B1F0566A556A4E
:100B0000546A536A040000D000000400050E006E11
:100B1000002EFED700D0000067D74C90566A556A69
:100B2000546A536A94908B80B06BAF6BAE6BAD6BB5
:100B30004CB481D14C904C92AD51B15DB56FAE517A
:100B4000B259B66FAF51B359B76FB051B459B86F0E
:100B5000C20EF66E020EF76E0F0ED16F28DD410E3B
:100B6000E96EB8C0D4F0B7C0D3F0B6C0D2F0B5C00B
:100B7000D1F029D6D40EF66E020EF76E040ED16FA8
:100B800016DD0D0ECC6F0A0ECD6F4F0ECE6F4B0ED5
:100B9000CF6FD06BD46BCC0ED36FD86BD76B9C0E52
:100BA000D66F400ED56F9DEC00F0DA0EF66E020E99
:100BB000F76E7BDD066A5E6AA4AA4AD0036A065015
:100BC000070FE96E000E0320EA6EEACFD4F0E9CFFA
:100BD000D3F07CDDD4C0EAFFD3C0E9FF01C0EFFF52
:100BE000040000D00000036A0650070FE96E000EF3
:100BF0000320EA6EEF503A0804E14CB002D04C807A
:100C00001DD0036A0650070FE96E000E0320EA6E3E
:100C1000EF500D0813E14CB211D04CA00FD04C8214
:100C2000040000D00000062A010E0624AD27000EA5
:100C3000AE23AF23B023040000D000004CA003D0AB
:100C40004CB201D0062A5E2A040000D0000003D076
:100C5000040000D000005E503B08AEE207503A08A6
:100C6000D8A4E8D0D66B080ED56F10EC00F001C008
:100C70005DF0D66B0A0ED56F10EC00F001C0D1F01C
:100C8000D66B0C0ED56F10EC00F0D1C050F001C047
:100C90004FF0D66B0E0ED56F10EC00F001C04EF089
:100CA00051C055F052C056F04FC053F050C054F0F0
:100CB0004E2C02D04C84BED056520CE155520AE163
:100CC00054500E08D8B0B6D0FF0A04E15350CF08F4
:100CD000D8B0B0D05652D8A4ADD055500008D8A046
:100CE000A9D094948B844D6A010E5C6E030E065C51
:100CF0005C5C15E2036A5C50070F016E000E032274
:100D000001C0D1F003C0D2F003C0D6F001C0D5F0CD
:100D100010EC00F001504D26020E5C26E7D7FF0EC6
:100D2000D8804D54010F4D6E030E065C036A070F09
:100D3000016E000E032201C0D1F003C0D2F003C047
:100D4000D6F001C0D5F010EC00F001504D5C23E06E
:100D5000020E056ED46BD36BD26BF70ED16F05C04C
:100D6000D5F060EC02F00A0E0101436F000180EC47
:100D700001F0D46BD36BD26BF80ED16FA50ED56F8B
:100D800060EC02F00A0E0101436F000180EC01F0FB
:100D900094928B824FD094928B924E5238E1090EEE
:100DA0005C6E5B6A030E065C5C5C24E25B505B2A53
:100DB000036A5F0F016E000E032201C0D1F003C071
:100DC000D2F0036A5C50070F016E000E032201C0CF
:100DD000D3F003C0D4F003C0D6F001C0D5F010ECBE
:100DE00000F0D2C0EAFFD1C0E9FF01C0EFFF020E60
:100DF0005C26D8D755C0F8FF54C0F7FF53C0F6FFA4
:100E0000EA6A5F0EE96E5DC0D1F06AD513D04E502C
:100E1000040810E1D66B100ED56F10EC00F001C085
:100E2000D1F0D66B120ED56F10EC00F0D1C052F09D
:100E300001C051F07DD6320E0101436F000180ECFC
:100E400001F0EE0EF66E020EF76E2FDC320E01018F
:0E0E5000436F000180EC01F0E8EF07F01200A4
:100E6000F86AD09E046A7086A00E756E010E766ECA
:100E7000A60E726E900E716E496AC150F00BC16E73
:100E8000000E0F01386F396F3A6F776A786A796AA6
:100E9000640E0101436F000180EC01F008EF00F0E7
:100EA000640E0101436F000180EC01F04D6A4C6A51
:100EB0004B6AF80E4A6E02EC02F00150A5081EE1E2
:100EC0000A0E0101436F000180EC01F04D6A4C6A8B
:100ED0004B6AF70E4A6E02EC02F001C005F00550B5
:100EE00002080BE14D6A4C6A4B6AF90E4A6E02EC3D
:100EF00002F00150A50801E0056A20D0010E056E40
:100F0000D46BD36BD26BF70ED16F05C0D5F060EC0C
:100F100002F00A0E0101436F000180EC01F0D46B76
:100F2000D36BD26BF80ED16FA50ED56F60EC02F0CB
:100F30000A0E0101436F000180EC01F0055203E04D
:100F4000055002080EE194928B82040E4A6EFA0E4E
:100F50000101436F000180EC01F04A2EF8D7E2DC7A
:0C0F600004D0052C02D0E8EF07F00300DD
:040FD00094EF6BF03F
:080FD800046ED8CF05F0E0CF54
:100FE00006F00001E9CF0CF0EACF07F0E1CF08F0FE
:100FF000E2CF09F0D9CF0AF0DACF0BF0F3CF12F03D
:10100000F4CF13F0FACF14F000C00EF001C00FF0CF
:1010100002C010F003C011F09DA212EF08F09EB2C2
:101020004FEF0DF00EC000F00FC001F010C002F045
:1010300011C003F00CC0E9FF07C0EAFF078E08C02B
:10104000E1FF09C0E2FF0AC0D9FF0BC0DAFF12C0FE
:10105000F3FF13C0F4FF14C0FAFF045006C0E0FF12
:1010600005C0D8FF1000F2CF0DF0F29EF76A800F96
:10107000F66E100EF7220900F5500DBEF28E12002A
:101080004F536F666600F2CF0DF0F29EF76AA00F25
:10109000F66E100EF7220900F5500DBEF28E12000A
:1010A0002447504747410000F2CF0DF0F29EF76A07
:1010B000C20FF66E100EF7220900F5500DBEF28E2B
:1010C000120024474E4747410000F2CF0DF0F29E38
:1010D000F76AE40FF66E100EF7220900F5500DBE08
:1010E000F28E1200244750524D430000F2CF0DF013
:1010F000F29EF76A060FF66E110EF7220900F55000
:101100000DBEF28E120024474E524D430000F2CF26
:101110000DF0F29EF76A280FF66E110EF722090005
:10112000F5500DBEF28E120056616C696400F2CF6C
:101130000DF0F29EF76A480FF66E110EF7220900C5
:10114000F5500DBEF28E12005468656674206F7201
:1011500020546F77696E672061637469766974796A
:1011600020646574656374656400F2CF0DF0F29ECF
:10117000F76A840FF66E110EF7220900F5500DBEC6
:10118000F28E1200677073207369676E616C206C59
:101190006F737400F2CF0DF0F29EF76AAE0FF66E29
:1011A000110EF7220900F5500DBEF28E1200496EA5
:1011B00076616C696400F2CF0DF0F29EF76AD00F91
:1011C000F66E110EF7220900F5500DBEF28E1200D8
:1011D0000D0A434F4E4E4543540D0A00F2CF0DF019
:1011E000F29EF76AF60FF66E110EF7220900F5501F
:1011F0000DBEF28E12000D0A4F4B0D0A0D0A2B5137
:10120000485454504745543A20302C3230302C004A
:10121000F2CF0DF0F29EF76A2A0FF66E120EF72249
:101220000900F5500DBEF28E12000D0A4F4B0D0A4B
:101230000D0A2B51485454505245414446494C459F
:101240003A20300D0A00F2CF0DF0F29EF76A600FDF
:10125000F66E120EF7220900F5500DBEF28E120046
:101260006F746120696E2070726F677265737300AE
:10127000F2CF0DF0F29EF76A8A0FF66E120EF72289
:101280000900F5500DBEF28E12004F536F6E000034
:10129000F2CF0DF0F29EF76AAA0FF66E120EF72249
:1012A0000900F5500DBEF28E120049444C45000075
:1012B000F2CF0DF0F29EF76ACA0FF66E120EF72209
:1012C0000900F5500DBEF28E120052554E4E494E99
:1012D0004700F2CF0DF0F29EF76AEC0FF66E120E99
:1012E000F7220900F5500DBEF28E12005041524B0C
:1012F00045440000F2CF0DF0F29EF76A0E0FF66E35
:10130000130EF7220900F5500DBEF28E1200434D68
:1013100045204552524F5200F2CF0DF0F29EF76A2F
:10132000320FF66E130EF7220900F5500DBEF28E45
:101330001200496E20526F6D696E6700F2CF0DF09A
:10134000F29EF76A560FF66E130EF7220900F5505B
:101350000DBEF28E1200486F6D65204E6574776F7A
:10136000726B0000F2CF0DF0F29EF76A7E0FF66E00
:10137000130EF7220900F5500DBEF28E12006770B1
:101380007320676F742066697800F2CF0DF0F29ECB
:10139000F76AA40FF66E130EF7220900F5500DBE82
:1013A000F28E120073657276657220636F6E6E65E1
:1013B000637465640000F2CF0DF0F29EF76AD00FFF
:1013C000F66E130EF7220900F5500DBEF28E1200D4
:1013D0004F54412046696E69736865640000F2CF1E
:1013E0000DF0F29EF76AF80FF66E130EF722090061
:1013F000F5500DBEF28E1200736574757020636F28
:101400006D706C6574650000F2CF0DF0F29EF76AA6
:10141000220FF66E140EF7220900F5500DBEF28E63
:101420001200736572766572322073657400F2CFB4
:101430000DF0F29EF76A480FF66E140EF7220900BF
:10144000F5500DBEF28E120073657461706E3A0035
:10145000F2CF0DF0F29EF76A6A0FF66E140EF722C5
:101460000900F5500DBEF28E120073657469643A7E
:101470000000F2CF0DF0F29EF76A8C0FF66E140E9C
:10148000F7220900F5500DBEF28E12004F5441555F
:10149000524C3A00F2CF0DF0F29EF76AAE0FF66EA4
:1014A000140EF7220900F5500DBEF28E1200636C87
:1014B000726970320000F2CF0DF0F29EF76AD00F21
:1014C000F66E140EF7220900F5500DBEF28E1200D2
:1014D000536574696E746E3A0000F2CF0DF0F29E9F
:1014E000F76AF40FF66E140EF7220900F5500DBEE0
:1014F000F28E1200536574696E74703A0000F2CF78
:101500000DF0F29EF76A180FF66E150EF72209001D
:10151000F5500DBEF28E120049646C65696E743A26
:101520000000F2CF0DF0F29EF76A3C0FF66E150E3A
:10153000F7220900F5500DBEF28E1200556E61754E
:1015400074680000F2CF0DF0F29EF76A5E0FF66E3F
:10155000150EF7220900F5500DBEF28E1200556EE1
:10156000617574686572697A65640000F2CF0DF088
:10157000F29EF76A860FF66E150EF7220900F550F7
:101580000DBEF28E120053657473706565643A0087
:10159000F2CF0DF0F29EF76AAA0FF66E150EF72243
:1015A0000900F5500DBEF28E120053657470776419
:1015B0003A00F2CF0DF0F29EF76ACC0FF66E150EE0
:1015C000F7220900F5500DBEF28E1200526F616DC8
:1015D000696E673F0000F2CF0DF0F29EF76AF00FE0
:1015E000F66E150EF7220900F5500DBEF28E1200B0
:1015F0005265626F6F74696E6700F2CF0DF0F29EF4
:10160000F76A140FF66E160EF7220900F5500DBE9C
:10161000F28E1200536574545A3A0000F2CF0DF066
:10162000F29EF76A360FF66E160EF7220900F55095
:101630000DBEF28E12004175746F20545A207365EE
:101640007400F2CF0DF0F29EF76A5C0FF66E160E84
:10165000F7220900F5500DBEF28E1200545A2053A5
:1016600065740000F2CF0DF0F29EF76A7E0FF66E01
:10167000160EF7220900F5500DBEF28E1200696EAB
:1016800076616C696420545A0000F2CF0DF0F29E2E
:10169000F76AA40FF66E160EF7220900F5500DBE7C
:1016A000F28E1200486F7420737461727400F2CF6E
:1016B0000DF0F29EF76AC80FF66E160EF7220900BB
:1016C000F5500DBEF28E12005761726D2073746179
:1016D00072740000F2CF0DF0F29EF76AEE0FF66E14
:1016E000160EF7220900F5500DBEF28E1200436F60
:1016F0006C642073746172740000F2CF0DF0F29E7E
:10170000F76A140FF66E170EF7220900F5500DBE9A
:10171000F28E1200526C796F6E00F2CF0DF0F29ED5
:10172000F76A340FF66E170EF7220900F5500DBE5A
:10173000F28E120052656C6179205475726E656488
:10174000204F4E00F2CF0DF0F29EF76A5E0FF66E5C
:10175000170EF7220900F5500DBEF28E1200526CE2
:10176000796F66660000F2CF0DF0F29EF76A800F87
:10177000F66E170EF7220900F5500DBEF28E12001C
:1017800052656C6179205475726E6564204F4646CF
:101790000000F2CF0DF0F29EF76AAC0FF66E170E56
:1017A000F7220900F5500DBEF28E12004545505249
:1017B0004F4D2045524153454400F2CF0DF0F29E6B
:1017C000F76AD40FF66E170EF7220900F5500DBE1A
:1017D000F28E120041434C2073657400F2CF0DF07D
:1017E000F29EF76AF60FF66E170EF7220900F55013
:1017F0000DBEF28E120044434C2073657400F2CF8C
:101800000DF0F29EF76A180FF66E180EF722090017
:10181000F5500DBEF28E1200526573746F72650042
:10182000F2CF0DF0F29EF76A3A0FF66E180EF7221D
:101830000900F5500DBEF28E1200526573746F727E
:101840006520746F2044656661756C742100F2CF69
:101850000DF0F29EF76A680FF66E180EF722090077
:10186000F5500DBEF28E1200526F6C6C6261636BAC
:101870000000F2CF0DF0F29EF76A8C0FF66E180E94
:10188000F7220900F5500DBEF28E12004175746802
:101890006572697A65640000F2CF0DF0F29EF76A16
:1018A000B20FF66E180EF7220900F5500DBEF28E3B
:1018B00012002B434D45204552524F520000F2CFAB
:1018C0000DF0F29EF76AD80FF66E180EF722090097
:1018D000F5500DBEF28E12000D0A2B514D544F5093
:1018E000454E3A20302C3000F2CF0DF0F29EF76AD0
:1018F000020FF66E190EF7220900F5500DBEF28E9A
:1019000012000D0A2B514D544F50454E3A20312CA8
:101910003000F2CF0DF0F29EF76A2C0FF66E190E22
:10192000F7220900F5500DBEF28E12000D0A2B5160
:101930004D54434F4E4E3A20302C302C3000F2CFD5
:101940000DF0F29EF76A580FF66E190EF722090095
:10195000F5500DBEF28E12000D0A2B514D54434F1F
:101960004E4E3A20312C302C3000F2CF0DF0F29E4A
:10197000F76A840FF66E190EF7220900F5500DBEB6
:10198000F28E12000D0A2B514D54444953433A0034
:10199000F2CF0DF0F29EF76AAA0FF66E190EF7223B
:1019A0000900F5500DBEF28E12002B514D54434CE0
:1019B0004F53453A0000F2CF0DF0F29EF76AD00F78
:1019C000F66E190EF7220900F5500DBEF28E1200C8
:1019D0000D0A2B514D54434C4F53453A0000F2CF62
:1019E0000DF0F29EF76AF80FF66E190EF722090055
:1019F000F5500DBEF28E12000D0A2B514D5450556C
:101A00004245583A20302C302C300000F2CF0DF0F7
:101A1000F29EF76A260FF66E1A0EF7220900F550AD
:101A20000DBEF28E12000D0A2B514D5450554245F9
:101A3000583A20312C302C300000F2CF0DF0F29EBD
:101A4000F76A540FF66E1A0EF7220900F5500DBE14
:101A5000F28E120049476F6E0000F2CF0DF0F29E39
:101A6000F76A740FF66E1A0EF7220900F5500DBED4
:101A7000F28E120049476F666600F2CF0DF0F29EBB
:101A8000F76A940FF66E1A0EF7220900F5500DBE94
:101A9000F28E12004E4F5345525649434500040101
:101AA0005A2B5B2B5EAB29D067B127D0682BD8B4FB
:101AB000692B695308E16851020805E39290899007
:101AC000929289921AD0695303E16851100808E292
:101AD000695306E16851130803E3929089800DD0A1
:101AE000695100080AE2FF0A03E168516E0805E245
:101AF000696B686B9290899067815EAD2AD05EBFFA
:101B000028D0682BD8B4692B695303E168511008B9
:101B100008E2695306E16851130803E39290898053
:101B200018D0695303E16851EC0808E2695306E1F3
:101B30006851EF0803E3929089900BD06951030834
:101B400008E2FF0A03E168517D0803E2696B686BF4
:101B50005E8F5A51130847E25C2B5A6B60530EE0BC
:101B600060076051050805E06051030802E0602D40
:101B700003D094928B9202D094928B824EAF1ED05F
:101B800002011AB902D0040119D00401542D09D060
:101B9000537F53AF03D094928B8202D094928B9256
:101BA0000CD05451020805E1605303E194928B82FA
:101BB00004D0545302E194928B9215D002011AB9C9
:101BC00013D004014EBF02D002010ED05F510108B4
:101BD00003E394928B8202D094928B925F2B5F519D
:101BE000030801E25F6B020104015B51310814E25A
:101BF0005B6B4EBF0DD0537D53AD05D094928B825D
:101C000094948B8404D094928B9294948B9404D06B
:101C100002011AA900D004015C510408D8B0E9D02F
:101C20005C6B67B302D05D2B02D067935D6B0201E2
:101C30001AA9D4D0040156530DE1572BD8B4582B10
:101C40005851060807E2FF0A03E15751090802E26A
:101C5000586B576B3C53D8A470D05E95020103B10A
:101C600006D003B304D003B702D003A509D0040102
:101C70005653D8B402D0020103D0010E566F0201B0
:101C8000010160531DE15F5101081AE304014EBDDB
:101C900002D0010115D05EA302D0010111D0612B49
:101CA000D8B4622B625303E16151780808E2626B99
:101CB000616B5E8302010389010E0401566F10D02F
:101CC00004015EA30DD00101605306E15F510508D8
:101CD000D8A002D0040104D00401626B616B5E9352
:101CE0005EB31CD0010166510401585D08E305E1B3
:101CF000010165510401575D02E35EA907D05EA9A9
:101D00000CD0585303E157513B0807E2586B576B0F
:101D100002010389010E0401566F0ED06451585D13
:101D20000BE303E16351575D07E3586B576B020107
:101D30000389010E0401566F47D03C2D45D0626BDC
:101D4000616B53A905D05399010E566F586B576BB1
:101D50005EB51AD0652BD8B4662B090ED880010168
:101D60006955006E070E6A55036E00C001F00350FE
:101D70000401665D09E303E10150655D05E3666BFF
:101D8000656B586B576B5E8553A70AD0585303E1B8
:101D900057511D0805E2586B576B010E566F14D052
:101DA00001016A510401585D0FE305E10101695128
:101DB0000401575D09E35EA507D0586B576B02011C
:101DC0000389010E0401566F565304E13C5302E0AF
:101DD00053A703D053A301D05E87020104015EA183
:101DE00003D053B301D0592B59511D0802E2596B4E
:101DF000538B5D511D0802E25D6B67879E92000167
:101E000012EF08F024504149523836342C302C302F
:101E10002C3131353230302A31420D0A0000245045
:101E20004149523439302C312A32410D0A002450B4
:101E30004149523037342C312A32340D0A002450B3
:101E40004149523035302C3130302A32320D0A00BF
:101E500024504149523431302C312A32320D0A009B
:101E600024504149523430302C322A32300D0A008D
:101E700024504149523630302C25732C25732C25A3
:101E8000732C35302E302C35302E302C302E302C1B
:101E90003130302E300041542B5149444541435498
:101EA0003D310D0A000041542B43545A553D310D2C
:101EB0000A0044455649434520504F574552454432
:101EC000204F4E3A2573000047534D205044310AAD
:101ED000000041542B51485454504346473D22631F
:101EE0006F6E746578746964222C310D0A00415458
:101EF0002B51485454504346473D22726573706FCE
:101F00006E7365686561646572222C310D0A00008C
:101F100041542B514854545055524C3D25642C315A
:101F20003030300D0A006D61696E2E6865780D0ADB
:101F3000000041542B51485454504745543D3130D2
:101F40003030300D0A0041542B5148545450524502
:101F5000414446494C453D225546533A6D61696EB0
:101F6000322E747874222C38300D0A0041542B51D3
:101F7000485454505245414446494C453D225546EB
:101F8000533A6D61696E312E747874222C38300D9D
:101F90000A0047534D205044320A000049443A2079
:101FA00025732C20677073206E6F742066697865C6
:101FB000640041542B435245473F0D0A00004154F1
:101FC0002B434D47463D310D0A0041542B435343AB
:101FD000533D2247534D220D0A0041542B434D4798
:101FE000533D000041542B434D47523D25630D0A9C
:101FF000000061706E207365743A25730000696497
:10200000207365743A257300496E74206E207365E1
:10201000743A25730000496E742070207365743A19
:102020002573000049646C6520696E7420736574C3
:102030003A2573007370656564207365743A25737F
:102040000000505744206368616E67656420746FB8
:102050003A257300687474703A2F2F6D6170732E77
:10206000676F6F676C652E636F6D2F6D6170733F67
:10207000713D256325322E36662C256325322E369A
:10208000660024504149523030342A33450D0A004D
:1020900024504149523030352A33460D0A0024502D
:1020A0004149523030362A33430D0A00534F5320F2
:1020B0006E756D6265722069732073657420746F2C
:1020C000202B2573000041542B434D47443D25638D
:1020D0000D0A000041542B434D47463D310D0A0087
:1020E00041542B435343533D2247534D220D0A0085
:1020F00041542B434D474C0D0A0041542B514D5434
:102100004F50454E3D0041542B514D54434F4E4E80
:102110003D00222C2200222C2200222C2200220D03
:102120000A0041542B514D54444953433D004154FE
:102130002B514D54434C4F53453D25640D0A00002F
:1021400041542B514D544F50454E3D0041542B515D
:102150004D54434F4E4E3D00222C2200222C220093
:10216000220D0A0041542B514D54444953433D0024
:1021700041542B514D54434C4F53453D0000415465
:102180002B514D5450554245583D000025642C308C
:102190002C302C302C22000041540D0A00004154F8
:1021A00045300D0A000041542B4950523D3936301C
:1021B000300D0A00415426570D0A000041540D0A03
:1021C000000041540D0A00004154453026570D0AC5
:1021D000000041542B4950523D393630300D0A0031
:1021E00041542B434D45453D320D0A0041542B438C
:1021F0004D47463D310D0A00415426570D0A000057
:1022000041542B434D47443D312C340D0A00415479
:102210002B4350494E3F0D0A000041542B51494376
:102220005347503D312C312C2200222C22222C22CB
:10223000222C310D0A0041542B51494143543D3168
:102240000D0A000041542B4347534E3D310D0A0007
:10225000534F5320687474703A2F2F6D6170732E32
:10226000676F6F676C652E636F6D2F6D6170733F65
:10227000713D256325322E36662C256325322E3698
:102280006600485F53544152543A256C640A00007A
:10229000485F454E443A256C640A00007B22646521
:1022A000766963654944223A20222573222C22490B
:1022B0004D4549223A2025732C2274696D6573744B
:1022C000616D70223A2022002530346C642D253057
:1022D00032752D2530327520253032753A25303251
:1022E000753A25303275222C226461746156616C16
:1022F0006964697479223A202256616C6964222CDF
:1023000022737461747573223A20224E2564222C44
:10231000226C61746974756465223A20220025304C
:1023200031312E3766222C226C6F6E6769747564AA
:1023300065223A2022253031322E3766222C227334
:1023400070656564223A20222530336C64222C2289
:10235000636F75727365223A20222530336C6422D4
:102360002C2269676E6974696F6E223A2022000020
:1023700049476F66660049476F6E0000222C22763F
:10238000656869636C65537461747573223A2022C1
:1023900000005041524B4544000052554E4E494EAC
:1023A000470049444C450000222C22616464697452
:1023B000696F6E616C44617461223A20222573005A
:1023C000222C2274696D65496E74657276616C7336
:1023D000223A202225732C25732C2530334C64227D
:1023E0002C22616E676C65496E74657276616C2231
:1023F0003A20222530336C64222C22646973746184
:102400006E6365496E74657276616C223A2022258E
:1024100030336C64222C2267736D537472656E675F
:102420007468223A202225303364222C227365718D
:1024300075656E63654E756D626572223A20220085
:102440000D0A427265616B204B3D256C6420433D53
:1024500025630D0A000041540D0A000041540D0A85
:10246000000041542B4350494E3F0D0A00000D0A15
:102470005055424C495348204641494C0D0A0000F2
:1024800041540D0A000041542B43545A553D310D1F
:102490000A0041542B43434C4B3F0D0A000041546A
:1024A0002B514353510D0A00080EEA6EB60EE96E29
:1024B000EF5011E0050E016EBF0E006E0400002EFD
:1024C000FDD7012EF9D72E0E006E002EFED700008C
:1024D0000400EF2EEFD712009486948894EF6CF0EE
:1024E000080E016E040E006E002EFED78B96949699
:1024F000040E006E002EFED7080145378B98D8B029
:102500009488D8A09498948682A6FED7012E01D0F4
:1025100002D00001E7D7040E006E002EFED78B9686
:10252000949600009488040E006E002EFED7040ED0
:10253000006E002EFED7948682A6FED7016A040E96
:10254000006E002EFED782B801808B9694968B98F1
:10255000949800011200080E0801356F00C036F88B
:102560009488040E006E002EFED7948682A6FED7B5
:1025700082B8D88082A8D8900136040E006E002E52
:10258000FED794968B96352FEBD79488040E006E69
:10259000002EFED78B983651D8A4949800009486CC
:1025A00082A6FED7040E006E002EFED78B96949660
:1025B000040E006E002EFED78B989498000152EF07
:1025C00013F0A00E08012F6F030E2C172D6B2D5347
:1025D00003E12C51000822E22D31376F2C31366F88
:1025E0002B31356F37333633353337333633353375
:1025F0003733363335333733363335333733363392
:102600003533373336333533010E37173551060B33
:10261000306F316B326B336B30512F139488040E53
:10262000006E002EFED79486040E006E002EFED79C
:1026300082A6FED78B989498040E006E002EFED7CB
:102640008B9694962FC845F800014ADF2BC835F8C1
:102650002CC836F82DC837F80801386B2BC845F858
:1026600000013EDF2AC845F83BDF9488040E006E67
:10267000002EFED79486040E006E002EFED782A692
:10268000FED78B989498040E006E002EFED78B9682
:102690009496010E08012F25346F456F000120DF4D
:1026A000006A59D701C02EF894980000948682A63B
:1026B000FED7040E006E002EFED700D000009488D6
:1026C000040E006E002EFED708012EC801F0000196
:1026D0001200A00E08013B6F030E3717386B3853FA
:1026E00003E13751000822E23831436F3731426F3E
:1026F0003631416F43334233413343334233413305
:102700004333423341334333423341334333423320
:102710004133433342334133010E43174151060BDA
:102720003C6F3D6B3E6B3F6B3C513B139488040EFA
:10273000006E002EFED79486040E006E002EFED78B
:102740008B989498040E006E002EFED78B9694966C
:102750003BC845F80001C4DE36C841F837C842F826
:1027600038C843F80801446B36C845F80001B8DEA4
:1027700035C845F8B5DE39C845F8B2DE9498000092
:10278000948682A6FED7040E006E002EFED700D0DF
:1027900000009488040E006E002EFED79488040E6C
:1027A000006E002EFED79486040E006E002EFED71B
:1027B0008B989498040E006E002EFED78B969496FC
:1027C0003BC845F88DDE015008013A9101B03A81CD
:1027D0003AA11ED09488040E006E002EFED7948677
:1027E000040E006E002EFED782A6FED78B9894981A
:1027F000040E006E002EFED78B9694963BC845F8CB
:1028000000016EDE015008013A9101B03A81E0D733
:1028100000011200928680B623D004013C2D05D021
:102820005E83010E566F586B576B3C6B010EEA6E60
:102830003F0EE96EF2CF65F5F29E000E00011DEC31
:102840000DF00A000900F550EE6E0009FBE10501EC
:1028500065BFF28E040153A701D053971DD000012C
:1028600004013C5303E1050E556F5389010E3C6F83
:10287000EA6E3F0EE96EF2CF65F5F29E000E0001A2
:102880002DEC0DF00A000900F550EE6E0009FBE199
:10289000050165BFF28E040100011200938281A23E
:1028A00005D0300E836F8E918F6B03D0310E836F06
:1028B0008E81120004013D531AE13C5318E1929AB3
:1028C000898A010EEA6E380EE96EF2CF65F5F29E46
:1028D000000E00017DEC0BF00A000900F550EE6ED1
:1028E0000009FBE1050165BFF28E1DD004013D3DED
:1028F00018D0929A899A010EEA6E380EE96EF2CFDC
:1029000065F5F29E000E0001A2EC0BF00A00090032
:10291000F550EE6E0009FBE1050165BFF28E03D0B4
:1029200004013D690501000112000900F5520DE0A6
:10293000F6CF2AF8F7CF2BF8F5509EA8FED7AD6E4C
:102940002AC8F6FF2BC8F7FFF0D7120005018291C5
:102950007DC586F57CC585F57BC584F57AC583F58F
:102960007E517A25006E000E7B21016E000E7C21C7
:10297000026E000E7D21036E8651035C61E30BE164
:102980008551025C5DE307E18451015C59E303E199
:102990000050835D55E286C52DF885C52CF884C5A9
:1029A0002BF883C52AF800010CDE01C081F5010E69
:1029B0000801B66F000178DD050181510D081FE1A6
:1029C0007A51835D876F7B518459886F7C5185591B
:1029D0007D5186597F518725E96E80518821EA6EA5
:1029E000EF6A010E0801B66F00015EDD050182810C
:1029F000010E0801B66F000157DD050121D07A51A3
:102A0000835D876F7B518459886F7C5185597D51D7
:102A100086597F518725E96E80518821EA6E81C5EC
:102A2000EFFF010E0801B66F00013EDD010E05014A
:102A30008327D8B0842BD8B4852BD8B4862B90D7D5
:102A4000000E82B1010E016E000112006BC4EAFF9C
:102A50006AC4E9FF080137C8EFFFE92AD8B4EA2AB7
:102A6000EF6A04016A2BD8B46B2B00011200090035
:102A7000F6CF2BF8F7CF2CF8F5CF37F8E7DF2BC8D8
:102A8000F6FF2CC8F7FF08012A2F01D002D0000161
:102A9000EED700011200EF520FE0EACF2BF8E9CF9A
:102AA0002AF8EFCF37F8D2DF2BC8EAFF2AC8E9FFB0
:102AB000E92AD8B4EA2AEFD712000501676B66C588
:102AC00003F065C5E9FF66C5EAFFEF50240803E19E
:102AD000652BD8B4662B66C503F065C5E9FF66C5EE
:102AE000EAFFEF5213E066C503F065C5E9FF66C56E
:102AF000EAFFEF502A080AE065C5E9FF66C5EAFF6C
:102B0000EF50671B652BD8B4662BE5D767C501F07E
:102B100000017DEF6EF0EF5210E0EACF66F5E9CFED
:102B200065F5EF509EA8FED7AD6E66C5EAFF65C598
:102B3000E9FFE92AD8B4EA2AEED785EF6EF005015D
:102B400066BF10D00F0E006E653900160A0E005CCD
:102B500003E2300E002602D06651002600509EA8E7
:102B6000FED7AD6E0F0E65170A0E655D02E2300EE0
:102B700002D0669F6651652765519EA8FED7AD6E4F
:102B8000000191EF6EF00900F5520DE0F6CF3BF831
:102B9000F7CF3CF8F550A4A8FED7736E3BC8F6FFFC
:102BA0003CC8F7FFF0D71200080133513519800BEC
:102BB000376F33AF05D0321F331F322BD8B4332BCE
:102BC00035AF05D0341F351F342BD8B4352B3251D7
:102BD0003403F3CF01F0F4CF00F03503F3500026B7
:102BE00033513403F3500020026E37AF05D0011E7D
:102BF000021E012AD8B4022A000172EF16F0080161
:102C0000306B2E6B0A0E2F6F2D6B2C6B2A512B11F4
:102C100004E1000E016E026EEAD03051302B036ADF
:102C20002A25E96E2B510320EA6EEFCF31F831519E
:102C30002D080DE1010E2E6F3051302B036A2A252D
:102C4000E96E2B510320EA6EEFCF31F80DD03151F0
:102C50002B080AE13051302B036A2A25E96E2B51EB
:102C60000320EA6EEFCF31F831512F08D8B0B1D040
:102C700031513908D8A0ADD03151300821E1036A73
:102C800030512A25E96E2B510320EA6EEF50780867
:102C90000AE0036A30512A25E96E2B510320EA6EBF
:102CA000EF5058080DE1100E2F6F302B3051302BA4
:102CB000036A2A25E96E2B510320EA6EEFCF31F823
:102CC0002F510A0823E131512F081FE231513908F1
:102CD0001CE3336B0A0E326F2DC835F82CC834F85C
:102CE000000162D7300E0801315D01242C6F000E07
:102CF00002202D6F3051302B036A2A25E96E2B51AB
:102D00000320EA6EEFCF31F8DED763D02F511008E1
:102D100060E13151600806E231517A0803E3315134
:102D2000DF0B01D03151316F31512F0803E23151A6
:102D3000390806E2315140084CE23151460849E376
:102D400031512F081AE23151390817E32C35326F0F
:102D50002D35336F323733373237333732373337F6
:102D6000F00E3217300E315D3225016E000E332128
:102D7000036E01C02CF82D6F16D02C35326F2D3517
:102D8000336F323733373237333732373337F00E2A
:102D90003217410E315D0A0F3225016E000E3321CC
:102DA00001C02CF82D6F3051302B036A2A25E96EB3
:102DB0002B510320EA6EEFCF31F83151600806E263
:102DC00031517A0803E33151DF0B01D03151316FBA
:102DD000ABD72F510A0807E12E2D05D02C1F2D1F30
:102DE0002C2BD8B42D2B2CC801F02DC802F00001DB
:102DF000120008012A512C03F3CF01F0F4CF00F0A8
:102E00002D03F35000262B512C03F3500020026EAB
:102E1000000112002BC82DF82AC82CF82DC803F089
:102E200008012CC8E9FF2DC8EAFFEF5206E02C2B61
:102E3000D8B42D2B0001F2D708012A512C5D006E69
:102E40002B512D59036E00C001F0000112008E0EAF
:102E5000006EB4C501F0B3C502F0036A01AE05D03F
:102E6000011E021E022A01E1012A015209E102C0EB
:102E700001F0026A080E005E015202E1006A0ED003
:102E8000D89001BE04D0023601360006F9D70501FC
:102E9000B4AF02D0000102D0019E00011200C4C5EF
:102EA000CBF50501C851CB1BCBAF05D0D894D8903A
:102EB000C4BFD8802FD0C4C5CBF5C7C5CCF5C3518E
:102EC000CC5F06E0CBAF26D0D850010AD86E22D016
:102ED000C8C5CCF5C451CC5F06E0CBAF1BD0D850F1
:102EE000010AD86E17D0C9C5CCF5C551CC5F06E034
:102EF000CBAF10D0D850010AD86E0CD0CAC5CCF5D3
:102F0000C651CC5F06E0CBAF05D0D850010AD86ED1
:102F100001D0D8900001120008013951D8B471D005
:102F2000006E3D51D8B46DD0002604E3810E00261A
:102F300068E204D07F0E005E64E363E03AC841F8C3
:102F40003E51411B3A8F3E8F3C514003F4CF43F832
:102F50003B513F03F4CF03F0F3CF42F84003F3506B
:102F60004327F4504223000E03223C513F03F35009
:102F70004327F4504223000E026A032202223A51F0
:102F80004003F3504227F4500322000E02223A512C
:102F90003F03F3500326F4500222000E016A01227F
:102FA0003C513E03F3504227F4500322000E02220C
:102FB00001223B513E03F3500326F4500222000E3F
:102FC00001223A513E03F3500226F4500122002A16
:102FD00001BE05D042370336023601360006000E28
:102FE00042AF0AD0032A02220122015005E1025019
:102FF00003E1035001E1002A41BF018E41AF019E70
:1030000004D0006A016A026A036A00011200080122
:103010002D6B2C6B2B6BF90E2A6F0001E1EC12F07B
:103020000150A5080AE1010E0801B66F000154EC39
:1030300012F002011A8709D00001010E0801B66FD3
:10304000000154EC12F002011A9708012D6B2C6B51
:103050002B6BFE0E2A6F0001E1EC12F001506908A3
:1030600009E1010E0801B66F000154EC12F00201F3
:103070001A89000108012D6B2C6B2B6B2A6B000148
:10308000E1EC12F00150220853E1010E0801B66F85
:10309000000154EC12F0220E0101176F010E050120
:1030A0006E6F6E51100843E308012D6B2C6B2B6B78
:1030B0006EC52AF80001E1EC12F001C06DF5010EB9
:1030C0000801B66F000154EC12F005016D512208A1
:1030D00023E1036A6E51170FE96E010E0320EA6EB9
:1030E0006DC5EFFF010E6E25036A170FE96E010E25
:1030F0000320EA6EEF6A010E0801B66F000154EC7E
:1031000012F004013A83010E0801B66F000154EC7D
:1031100012F005010CD009D0036A6E51170FE96E49
:10312000010E0320EA6E6DC5EFFF6E2BBAD70001CA
:1031300008012D6B2C6B2B6BAA0E2A6F0001E1ECA2
:1031400012F00150220857E1220E0101066F05011D
:10315000716B010E706F71534DE1705110084AE3AD
:10316000AA0E70257A6F000E71217B6F08012D6BFE
:103170002C6B2B6F7AC52AF80001E1EC12F001C02C
:103180006FF5040000D0000005016F51220826E110
:10319000060E7025E96E010E7121EA6E6FC5EFFF14
:1031A000010E70257A6F000E71217B6F060E7A2555
:1031B000E96E010E7B21EA6EEF6A010E0801B66F1F
:1031C000000154EC12F004013A85010E0801B66FBB
:1031D000000154EC12F005010DD008D0060E702548
:1031E000E96E010E7121EA6E6FC5EFFF702BD8B446
:1031F000712BB1D7000108012D6B2C6B2B6B150EB9
:103200002A6F0001E1EC12F001500D085EE10501AA
:10321000736B120E726F735347E17251150844E3DA
:1032200008012D6B2C6B73C52BF872C52AF80001B1
:10323000E1EC12F001C065F5010E0801B66F000166
:1032400054EC12F0050165510D0815E1120E725D86
:103250007A6F000E73597B6F280E7A25E96E010E86
:103260007B21EA6EEF6A010E0801B66F000154EC93
:1032700012F0050119D0120E725D7A6F000E7359AB
:103280007B6F280E7A25E96E010E7B21EA6E65C5FB
:10329000EFFF010E0801B66F000154EC12F00501BA
:1032A000722BD8B4732BB7D7010E08012B6F280EE1
:1032B0002A6F0001A4DC02C062F101C061F1010EBD
:1032C0000801B66F000154EC12F008012D6B2C6B55
:1032D0002B6B1D0E2A6F0001E1EC12F001500D085E
:1032E0005EE10501756B1A0E746F755347E17451F9
:1032F0001D0844E308012D6B2C6B75C52BF874C5B4
:103300002AF80001E1EC12F001C065F5010E080198
:10331000B66F000154EC12F0050165510D0815E17E
:103320001A0E745D7A6F000E75597B6F300E7A2518
:10333000E96E010E7B21EA6EEF6A010E0801B66F9D
:10334000000154EC12F0050119D01A0E745D7A6F69
:10335000000E75597B6F300E7A25E96E010E7B21C8
:10336000EA6E65C5EFFF010E0801B66F000154EC6F
:1033700012F00501742BD8B4752BB7D7010E0801D4
:103380002B6F300E2A6F00013ADC02C066F101C0DB
:1033900065F1010E0801B66F000154EC12F008014E
:1033A0002D6B2C6B2B6B190E2A6F0001E1EC12F0C8
:1033B00001500D08D8A47BD00501776B160E766FEF
:1033C000775347E17651190844E308012D6B2C6BC4
:1033D00077C52BF876C52AF80001E1EC12F001C0A0
:1033E00065F5010E0801B66F000154EC12F00501FD
:1033F00065510D0815E1160E765D7A6F000E77594E
:103400007B6F2C0E7A25E96E010E7B21EA6EEF6A46
:10341000010E0801B66F000154EC12F0050119D03D
:10342000160E765D7A6F000E77597B6F2C0E7A251B
:10343000E96E010E7B21EA6E65C5EFFF010E080102
:10344000B66F000154EC12F00501762BD8B4772B3F
:10345000B7D7010E08012B6F2C0E2A6F0001FFEC6D
:1034600015F002C068F101C067F10101685303E182
:103470006751090805E2685303E167511E0803E23A
:10348000686B0F0E676F68C12BF867C12AF80801D7
:103490002D6B3C0E2C6F0001ACDC02C06AF101C048
:1034A00069F1010E0801B66F000154EC12F0080139
:1034B0002D6B2C6B2B6BA70E2A6F0001E1EC12F029
:1034C00001500D0860E10501796BA40E786F795306
:1034D00047E17851A70844E308012D6B2C6B79C5AF
:1034E0002BF878C52AF80001E1EC12F001C065F56F
:1034F000010E0801B66F000154EC12F00501655190
:103500000D0815E1A40E785D7A6F000E79597B6F76
:10351000340E7A25E96E010E7B21EA6EEF6A010E08
:103520000801B66F000154EC12F0050119D0A40E89
:10353000785D7A6F000E79597B6F340E7A25E96ECB
:10354000010E7B21EA6E65C5EFFF010E0801B66F23
:10355000000154EC12F00501782BD8B4792BB7D7C1
:10356000010E08012B6F340E2A6F0001FFEC15F0DD
:1035700002C064F401C063F4010E0801B66F0001DB
:1035800054EC12F005D00401646B3C0E636F000133
:1035900008012D6B2C6B2B6BF10E2A6F0001E1ECF7
:1035A00012F001502A0811E105017D6B7C6B7B6BE9
:1035B000300E7A6F1F0E7E6F806BC50E7F6F00011D
:1035C000A6EC14F002011A8D000108012D6B2C6B82
:1035D0002B6BF20E2A6F0001E1EC12F001502A0869
:1035E00011E105017D6B7C6B7B6BD10E7A6F1F0E39
:1035F0007E6F806BE30E7F6F0001A6EC14F002017A
:103600001A8F000108012D6B2C6B2B6BFB0E2A6FA0
:103610000001E1EC12F001502A0819E105017D6B6F
:103620007C6B7B6B200E7A6F0B0E7E6F806B980E1F
:103630007F6F0001A6EC14F004013A8108012B6BA6
:10364000980E2A6F00010AEC17F001C006F208017B
:103650002D6B2C6B2B6BFC0E2A6F0001E1EC12F032
:1036600001502A0811E105017D6B7C6B7B6B500ECC
:103670007A6F1F0E7E6F806BA70E7F6F0001A6EC26
:1036800014F002011A8B000108012D6B2C6B2B6BBF
:10369000F50E2A6F0001E1EC12F001502A080FE14B
:1036A00005017D6B7C6B010E7B6F350E7A6F640EAE
:1036B0007E6F806B1F0E7F6F0001A6EC14F0080177
:1036C0002D6B2C6B2B6BF40E2A6F0001E1EC12F0CA
:1036D00001C03DF4050E0801B66F000154EC12F074
:1036E00008012D6B2C6B2B6BA00E2A6F0001E1ECF7
:1036F00012F001C001F1050E0801B66F000154EC93
:1037000012F008012D6B2C6B2B6BA10E2A6F0001A0
:10371000E1EC12F001C002F1050E0801B66F0001E4
:1037200054EC12F008012D6B2C6B2B6BA20E2A6F40
:103730000001E1EC12F001C003F1050E0801B66FC3
:10374000000154EC12F008012D6B2C6B2B6BA30EB7
:103750002A6F0001E1EC12F001C004F1050E08012E
:10376000B66F000154EC12F008012D6B2C6B010EAA
:103770002B6F9A0E2A6F0001E1EC12F0012C97D00A
:1037800008012D6B2C6B010E2B6F9B0E2A6F000115
:10379000E1EC12F00401416B406B3F6B01C03EF461
:1037A00040C441F43FC440F43EC43FF43E6B010EBC
:1037B0000801B66F000154EC12F008012D6B2C6B60
:1037C000010E2B6F9C0E2A6F0001E1EC12F00150EC
:1037D00004013E13010E0801B66F000154EC12F013
:1037E00008012D6B2C6B010E2B6F9D0E2A6F0001B3
:1037F000E1EC12F00401456B446B436B01C042F4F1
:1038000044C445F443C444F442C443F4426B010E3F
:103810000801B66F000154EC12F008012D6B2C6BFF
:10382000010E2B6F9E0E2A6F0001E1EC12F0015089
:1038300004014213010E0801B66F000154EC12F0AE
:103840000401455321E144531FE1435101081CE3A6
:1038500003E142519E0818E3456B446B010E436F30
:103860009F0E426F0801386B376B010E366F9A0E50
:10387000356F396B000169EC13F0010E0801B66F6A
:10388000000154EC12F0040141530FE140530DE1EB
:103890003F5101080AE303E13E519E0806E3416BF4
:1038A000406B010E3F6F9F0E3E6F0ED00001040172
:1038B000456B446B010E436F9F0E426F416B406B33
:1038C000010E3F6F9F0E3E6F08012D6B2C6B010E9A
:1038D0002B6F9F0E2A6F0001E1EC12F001507B0864
:1038E0000EE10401416B406B010E3F6F9F0E3E6F76
:1038F000456B446B010E436F9F0E426F0001050143
:103900007D6B7C6B7B6BC00E7A6F070E7E6F050E36
:10391000806F660E7F6F0001A6EC14F0015217E075
:10392000050E08012B6F660E2A6F0001FFEC15F0E3
:1039300002C0B4F501C0B3F527EC17F003C049F499
:1039400002C048F401C047F400C046F407D00401A7
:10395000496B486B476B800E466F000105017D6B1C
:103960007C6B7B6BC70E7A6F070E7E6F050E806FC8
:10397000660E7F6F0001A6EC14F0015242E0050EC6
:1039800008012B6F660E2A6F0001FFEC15F002C0D4
:10399000B4F501C0B3F527EC17F003C04DF402C035
:1039A0004CF401C04BF400C04AF40501C66BC56B72
:1039B000C46BC36B4DC4CAF54CC4C9F54BC4C8F540
:1039C0004AC4C7F500014FEC17F01AE34DC43CF8A8
:1039D0004CC43BF84BC43AF84AC439F80801406B70
:1039E0003F6B800E3E6F7F0E3D6F00018CEC17F039
:1039F00003C04DF402C04CF401C04BF400C04AF4C3
:103A000006D004014D6B4C6B800E4B6F4A6F00016A
:103A1000BDEF6EF09290899092928992960E080175
:103A2000B66F000154EC12F0929089800E0E0501E1
:103A3000796FFA0E0801B66F000154EC12F005011F
:103A4000792FF7D792908990040153834E93140EE7
:103A50000501796FFA0E0801B66F000154EC12F0FF
:103A60000501792FF7D79290899092928992960EBC
:103A70000801B66F000154EC12F0929089800A0E92
:103A80000501796FDC0E0801B66F000154EC12F0ED
:103A90000501792FF7D79290899004015393000183
:103AA0001200A4AAFED771CF16F074CF01F016A2AF
:103AB00002D0719871881200B9C803F00801B8C823
:103AC000E9FFB9C8EAFFEF5239E0B9C8BDF8B8C894
:103AD000BCF8BBC8BFF8BAC8BEF8BFC803F0BEC8C0
:103AE000E9FFBFC8EAFFEF5216E0BCC8E9FFBDC856
:103AF000EAFFEFCFC0F8BFC803F0BEC8E9FFBFC8F8
:103B0000EAFFEF50C05D07E1BC2BD8B4BD2BBE2B44
:103B1000D8B4BF2BE2D7BFC803F0BEC8E9FF03C0CB
:103B2000EAFFEF5205E1B8C801F0B9C802F009D0C8
:103B3000B82BD8B4B92B0001BFD70801000E016E15
:103B4000026E00011200040E0801B75F0AE3080EBE
:103B5000EA6EB70EE96EEF5004E001D00400EF2EDC
:103B6000FDD7000112000801426B416BA991AA6BBD
:103B70004251405D68E303E13F51415D64E2A4AA24
:103B80004DD0AA51AA2B036A450FE96E080E0320F7
:103B9000EA6EEACFB9F8E9CFB8F8000182DFB9C818
:103BA000EAFFB8C8E9FF01C0EFFF0400010E006E94
:103BB000002EFED700D00000036A0801AA51450F6D
:103BC000E96E080E0320EA6EEF6A0400010E006E33
:103BD000002EFED700D00000080EB96F450EB86F5A
:103BE0003EC8BBF83DC8BAF8000166DF02C044F821
:103BF00001C043F808014351441110E00400010ED4
:103C0000006E002EFED700D00000A9810400010E36
:103C1000006E002EFED700D0000015D004000D0E5F
:103C2000B66F160EB76F00018EDF0801B62FF9D7F9
:103C3000412BD8B4422B0400010E006E002EFED79B
:103C400000D0000095D7080EEA6EAB0EE96EF2CFF9
:103C5000B6F8F29E0B0E016EF76A000E00014CECF6
:103C60000CF00A000900F5CFEEFF012EFBD708018A
:103C7000B6BFF28E080EB96F450EB86F080EBB6F57
:103C8000AB0EBA6F000118DF0150021003E004010F
:103C900053810001050E0801B66F000154EC12F0CB
:103CA000000E0801A9B1010E016E00011200270EDD
:103CB00005017A6F100E796F7B6B7D91B20EF66EF7
:103CC0001F0EF76E0001C3EC15F005017AC503F075
:103CD0007951D8B47A077907031041E0A4AA3ED0FD
:103CE0000001DFDE01C07CF5040000D0000005010A
:103CF0007DB112D07C512B080FE17B517B2B036AE5
:103D00007E0FE96E050E0320EA6E7CC5EFFF04000E
:103D100000D000007D810CD07DA10AD07B517B2B8F
:103D2000036A7E0FE96E050E0320EA6E7CC5EFFF85
:103D3000040000D000007B510A080AE186512C08DB
:103D400007E1040000D0000087C501F00AD006D0CA
:103D50007B510A0803E1300E016E03D0B7D7300E55
:103D6000016E00011200A4A8FED7736E1200C9C52F
:103D7000CDF5C8C5CCF5C7C5CBF5C6C5CAF5050197
:103D8000CD532FE1CC532DE1CB5101082AE303E1C0
:103D9000CA51350826E3CDC52DF8CCC52CF8CBC5C6
:103DA0002BF8CAC52AF80001E1EC12F001C0CEF5EB
:103DB000040000D000000501CE510D0802E111D031
:103DC00007D0CE510001CFDF040000D00000050174
:103DD000010ECA27D8B0CB2BD8B4CC2BD8B4CD2B5E
:103DE000CFD7000112000501666B686B676B6751E6
:103DF0000F0877E1685375E17086220E756E000E2C
:103E0000766EA60E726E900E716E020E796FFA0EBD
:103E10000801B66F000154EC12F00501792FF7D7B5
:103E2000980EF66E210EF76E0001C3EC15F0080E29
:103E30000501796FFA0E0801B66F000154EC12F01B
:103E40000501792FF7D79E0EF66E210EF76E000151
:103E5000C3EC15F0080E0501796FFA0E0801B66F74
:103E6000000154EC12F00501792FF7D7A60EF66E7B
:103E7000210EF76E0001C3EC15F0080E0501796FF5
:103E8000FA0E0801B66F000154EC12F00501792F0B
:103E9000F7D7B40EF66E210EF76E0001C3EC15F0E5
:103EA000080E0501796FFA0E0801B66F000154EC97
:103EB00012F00501792FF7D77086A00E756E010EEE
:103EC000766EA60E726E900E716E080E796FFA0EF7
:103ED0000801B66F000154EC12F00501792FF7D7F5
:103EE0002BD0685303E16751640826E2686B676B67
:103EF000000190DD080E0501796FFA0E0801B66F1A
:103F0000000154EC12F00501792FF7D7080E796FF4
:103F1000FA0E0801B66F000154EC12F00501792F7A
:103F2000F7D7080E796FFA0E0801B66F000154EC4E
:103F300012F00501792FF7D7BC0EF66E210EF76E41
:103F40000001C3EC15F00D0E0501696F0A0E6A6FD2
:103F50004F0E6B6F4B0E6C6F6D6B050E08013E6F55
:103F6000690E3D6F070E406FD00E3F6F0001FBDD05
:103F70000150050166270A0E0801B66F000154ECD6
:103F800012F00501672BD8B4682B6653D8B42FD72D
:103F9000686B676B0A0E0801B66F000154EC12F0F3
:103FA00086DE01C04FF40A0E0801B66F000154EC22
:103FB00012F004014F51310803E04F51350802E17E
:103FC000538504D05395000E016E62D208012D6B0B
:103FD0002C6B2B6B2A690001E1EC12F0015069088F
:103FE000D8B499D1050E0801B66F000154EC12F057
:103FF000300E0101016F026F036F046F0801386B0F
:10400000376B366BA00E356F300E396F000169ECDF
:1040100013F0050E0801B66F000154EC12F0080110
:10402000386B376B366BA10E356F300E396F000170
:1040300069EC13F0050E0801B66F000154EC12F0A4
:104040000801386B376B366BA20E356F300E396F47
:10405000000169EC13F0050E0801B66F000154EC85
:1040600012F00801386B376B366BA30E356F300ECC
:10407000396F000169EC13F0050E0801B66F0001FD
:1040800054EC12F00501666BC20EF66E210EF76E4F
:104090000001C3EC15F00D0E05016E6F0A0E6F6F77
:1040A0004F0E706F4B0E716F726B050E08013E6FF5
:1040B0006E0E3D6F130E406F880E3F6F000153DD93
:1040C000015005016627C80E0801B66F000154ECC7
:1040D00012F0C80EF66E210EF76EC3EC15F00D0E41
:1040E00005016E6F0A0E6F6F4F0E706F4B0E716F82
:1040F000726B050E08013E6F6E0E3D6F130E406F22
:10410000880E3F6F00012FDD015005016627C80EA4
:104110000801B66F000154EC12F0D20EF66E210EBB
:10412000F76EC3EC15F00D0E05016E6F0A0E6F6F82
:104130004F0E706F4B0E716F726B050E08013E6F64
:104140006E0E3D6F130E406F880E3F6F00010BDD4A
:10415000015005016627C80E0801B66F000154EC36
:1041600012F0E00EF66E210EF76EC3EC15F00D0E98
:1041700005016E6F0A0E6F6F4F0E706F4B0E716FF1
:10418000726B050E08013E6F6E0E3D6F130E406F91
:10419000880E3F6F0001E7DC015005016627C80E5D
:1041A0000801B66F000154EC12F0EC0EF66E210E11
:1041B000F76EC3EC15F00D0E05016E6F0A0E6F6FF2
:1041C0004F0E706F4B0E716F726B050E08013E6FD4
:1041D0006E0E3D6F130E406F880E3F6F0001C3DC03
:1041E000015005016627C80E0801B66F000154ECA6
:1041F00012F0F80EF66E210EF76EC3EC15F00D0EF0
:1042000005016E6F0A0E6F6F4F0E706F4B0E716F60
:10421000726B050E08013E6F6E0E3D6F130E406F00
:10422000880E3F6F00019FDC015005016627C80E14
:104230000801B66F000154EC12F0000EF66E220E6B
:10424000F76EC3EC15F00D0E05016E6F0A0E6F6F61
:104250004F0E706F4B0E716F726B050E08013E6F43
:104260006E0E3D6F130E406F880E3F6F00017BDCBA
:10427000015005016627C80E0801B66F000154EC15
:1042800012F00501665107082FE0672BD8B4682BA0
:10429000685303E16751320827E2686B676B0001DE
:1042A0000AEC1DF0080E0501796FFA0E0801B66FD1
:1042B000000154EC12F00501792FF7D7080E796F41
:1042C000FA0E0801B66F000154EC12F00501792FC7
:1042D000F7D7080E796FFA0E0801B66F000154EC9B
:1042E00012F00501792FF7D766510708D8A4CBD66D
:1042F000010E0401546F0801386B376B366B35695A
:10430000690E396F000169EC13F0050E0801B66FF4
:10431000000154EC12F00E0EF66E220EF76EC3EC96
:1043200015F0520E0501736F450E746F410E756FD7
:10433000440E766F590E776F786B050E08013E6F4D
:10434000730E3D6F130E406F880E3F6F00010BDC44
:1043500001C066F5C80E0801B66F000154EC12F0FA
:1043600008012D6B2C6B2B6BFC0E2A6F0001E1EC0E
:1043700012F001502A0879E10501662D01D002D022
:10438000000173D0050E0801B66F000154EC12F065
:1043900004013A8D050E0801B66F000154EC12F0CD
:1043A00002011A8B050E0801B66F000154EC12F0E1
:1043B0001A0EF66E220EF76EC3EC15F00501C96BEE
:1043C000C86BC76B500EC66F0001D1DC2A0EF66EAB
:1043D000220EF76EC3EC15F00D0E0501736F0A0E79
:1043E000746F4F0E756F4B0E766F776B050E08016D
:1043F0003E6F730E3D6F130E406F880E3F6F0001CE
:10440000B3EC1DF0015005016627C80E0801B66F18
:10441000000154EC12F005016651020827E1360E46
:10442000F66E220EF76E0001C3EC15F00D0E0501BD
:10443000736F0A0E746F4F0E756F4B0E766F776B3E
:10444000050E08013E6F730E3D6F130E406F880E10
:104450003F6F0001B3EC1DF0015005016627C80E47
:104460000801B66F000154EC12F005016651030813
:1044700006E104014E81020E546F03D005010401D0
:104480004E91050E0801B66F000154EC12F00401C4
:10449000000112000801305302E1315342E02CC800
:1044A000E9FF2DC8EAFFEFCF32F82FC803F02EC87E
:1044B000E9FF2FC8EAFFEF50325D17E02DC803F087
:1044C0002CC8E9FF03C0EAFFEFCF32F82FC803F092
:1044D0002EC8E9FF2FC8EAFFEF50325D02E2FF0E5F
:1044E00001D0010E016E1FD00BD02DC803F02CC8D7
:1044F000E9FF2DC8EAFFEF5203E1000E016E13D071
:104500002DC803F02C512C2BD8B42D2B2FC803F021
:104510002E512E2BD8B42F2B3051D8B43107300761
:10452000BAD7000E016E00011200040000D0000096
:104530000801906B90511D081CE3036A90512A25D5
:10454000E96E2B510320EA6EEF503A0810E1902BF0
:10455000036A90512A25E96E2B510320EA6EEF5031
:10456000200801E1902B040000D0000002D0902B25
:10457000E1D790C891F8036A91512A25E96E2B5131
:104580000320EA6EEF521DE09051915D036A2C0FFB
:10459000016E080E032203C093F8036A91512A2585
:1045A000E96E2B510320EA6EEFCF94F893C8EAFF2F
:1045B00001C0E9FF94C8EFFF040000D00000912B78
:1045C000DAD79051915D036A2C0FE96E080E032033
:1045D000EA6EEF6A040000D000002BC8EAFF2AC888
:1045E000E9FF080EE26E2C0EE16EE752E6CFEEFF19
:1045F000FCE1040000D00000000112000501CA6BBC
:10460000C96BCC6BCD6B440EF66E220EF76E0001BB
:10461000C3EC15F00501CA511308D8A07FD004E1FE
:10462000C9518708D8A07AD0C92BD8B4CA2BA4AA5C
:1046300068D0000151EC1DF001C0CBF50400010E63
:10464000006E002EFED700D000000501CB512B08D4
:104650000BE1CC6B010ECD6F0400010E006E002E3D
:10466000FED700D0000007D0CB510D0804E1CD519A
:10467000020801E153D0CD5344E0CC51CC2B036A66
:10468000650FE96E050E0320EA6ECBC5EFFF04004F
:10469000010E006E002EFED700D00000036ACC5140
:1046A000650FE96E050E0320EA6EEF6A0400010E45
:1046B000006E002EFED700D00000CC51050821E18D
:1046C0002B0ECE6F430ECF6F470ED06F530ED16FB0
:1046D0004E0ED26FD36B050E08012D6F650E2C6F39
:1046E000050E2F6FCE0E2E6F316B050E306F000151
:1046F000D1DE0152D8B402D0050103D0020E05016B
:10470000CD6F04000D0ED46F2D0E0801B76F0001A0
:10471000A3EC1DF00501D42FF7D77DD7050E0801B6
:104720002B6F650E2A6F000100DF010E0801B66FC6
:10473000000154EC12F0010EEA6E4B0EE96E050E0C
:10474000E26E650EE16EE752E6CFEEFFFCE1010E90
:104750000801B66F000154EC12F0050E0801B66FA7
:10476000000154EC12F0DBEF6EF00601A46B0701C0
:10477000D26BD16B0601A3C603F0A251D8B4A30734
:10478000A207031045E0A4AA3AD0000151EC1DF0A5
:1047900001C0D3F70701D2C703F0D151D12BD8B450
:1047A000D22BD46FA50ED425E96E060E0320EA6E37
:1047B000D3C7EFFF040000D00000A50ED125E96E9D
:1047C000060ED221EA6EEF6A040000D00000060156
:1047D000A4530AE10701D3514F08D8B402D006010F
:1047E00003D00601A42B0BD0A42D09D00701D3516F
:1047F0004B08D8B402D0060102D0060109D0010E40
:104800000801B66F000154EC12F00701B3D706019E
:10481000A50E016E060E026E000112000900F6CF11
:104820002BF8F7CF2CF8F550A4A8FED7736E2BC841
:10483000F6FF2CC8F7FF08012A2F01D002D0000193
:10484000EDD70001120008012AC8E9FF2BC8EAFFD2
:10485000EFCF2EF82DC803F02CC8E9FF2DC8EAFFD2
:10486000EF502E5D15E12BC803F02AC8E9FF03C005
:10487000EAFFEF5203E1000E016E1FD02BC803F0D8
:104880002A512A2BD8B42B2B2C2BD8B42D2BDCD788
:104890002BC803F02AC8E9FF2BC8EAFFEFCF2EF898
:1048A0002DC803F02CC8E9FF2DC8EAFFEF502E5D9C
:1048B00002E2FF0E01D0010E016E000107EF2DF0A4
:1048C00035C839F834C838F839C803F0080138C891
:1048D000E9FF39C8EAFFEF5230E037C83BF836C885
:1048E0003AF83BC803F03AC8E9FF3BC8EAFFEF5289
:1048F0000AE13451385D006E35513959036E00C0FC
:1049000001F023D010D038C8E9FF39C8EAFFEFCF53
:104910003CF83BC803F03AC8E9FF3BC8EAFFEF5058
:104920003C5D01E104D03A2BD8B43B2BDAD7382BCD
:10493000D8B4392B0001C8D708013451385D006E56
:1049400035513959036E00C001F00001FDEF24F02C
:1049500035C839F834C838F839C803F0080138C800
:10496000E9FF39C8EAFFEF522AE037C83BF836C8FA
:104970003AF83BC803F03AC8E9FF3BC8EAFFEF52F8
:1049800018E038C8E9FF39C8EAFFEFCF3CF83BC868
:1049900003F03AC8E9FF3BC8EAFFEF503C5D05E190
:1049A00038C801F039C802F00DD03A2BD8B43B2BEF
:1049B000E0D7382BD8B4392B0001CED70801000E30
:1049C000016E026E00011EEF25F008012C512D1121
:1049D00004E02DC803F02C5103D018C003F0175089
:1049E000306F03C031F831C835F830C834F82FC8FB
:1049F00037F82EC836F8000163D701500801302778
:104A0000000E312331C803F030C8E9FF31C8EAFF96
:104A1000EF520AE117C0E9FF18C0EAFF200EEF6E5F
:104A2000000E016E026E27D031C835F830C834F858
:104A30002FC837F82EC836F800018AD702C033F8DD
:104A400001C032F833C803F0080132C8E9FF33C8A7
:104A5000EAFFEF5208E032C8E9FF33C8EAFFEF6A25
:104A6000322BD8B4332B33C818F032C817F030C803
:104A700001F031C802F0000112002DC833F82CC833
:104A800032F82BC831F82AC830F82FC803F00801D3
:104A90002EC8E9FF2FC8EAFFEF522AE02FC803F023
:104AA0002E512E2BD8B42F2BE96E03C0EAFFEFCF87
:104AB00034F833C838F832C837F831C836F830C857
:104AC00035F834C839F8000169EC13F0010E08011B
:104AD000B66F000154EC12F0010E08013027D8B077
:104AE000312BD8B4322BD8B4332B0001CED70801E8
:104AF0002FC803F02EC8E9FF2FC8EAFFEF5214E1D8
:104B000033C838F832C837F831C836F830C835F805
:104B10000D0E396F000169EC13F0010E0801B66F3C
:104B2000000154EC12F0080100011200EF5210E0F5
:104B3000EACF3CF8E9CF3BF8EF50A4A8FED7736E5C
:104B40003CC8EAFF3BC8E9FFE92AD8B4EA2AEED715
:104B500012001A0E0801376FBE0EF66E1F0EF76EAA
:104B60000001C3EC15F04F0E0801386F4B0E396F82
:104B70003A6B080E3E6F380E3D6F270E406F100ED9
:104B80003F6F0001B3EC1DF00801369101B0368192
:104B9000020E3B6FFA0EB66F000154EC12F00801E2
:104BA0003B2FF8D7CA0EF66E1F0EF76E0001C3EC4E
:104BB00015F04F0E0801386F4B0E396F3A6B080E27
:104BC0003E6F380E3D6F270E406F100E3F6F000195
:104BD000B3EC1DF00801369101B03681020E3B6F37
:104BE000FA0EB66F000154EC12F008013B2FF8D713
:104BF000DA0EF66E1F0EF76E0001C3EC15F033C827
:104C0000EAFF32C8E9FF92DF0D0EA4A8FED7736E4B
:104C10000A0EA4A8FED7736E3E0E0801386F396BDA
:104C2000080E3E6F380E3D6F270E406F100E3F6F1F
:104C30000001B3EC1DF00801369101B03681320E4F
:104C4000B66F000154EC12F035C8EAFF34C8E9FF32
:104C50006DDF08013751A4A8FED7736E4F0E386F71
:104C60004B0E396F3A6B080E3E6F380E3D6F270EB4
:104C7000406F100E3F6F0001B3EC1DF0080136913C
:104C800001B03681320EB66F000154EC12F0120002
:104C900008012A5318E09290899092928992960E78
:104CA000B66F000154EC12F0929089800E0E08014C
:104CB0002B6FFA0EB66F000154EC12F008012B2F87
:104CC000F8D792908990040153834E93546B00015E
:104CD0001200440E08012A6F6F0E2B6F6E0E2C6FA0
:104CE000650E2D6F210E2E6F2F6B010E336F170E79
:104CF000326F080E356F2A0E346F00012ADF120062
:104D000008013751B608376F036A38C83BF8388F47
:104D1000D890383339333A33033202320132003219
:104D2000372FF6D73BAF0BD0001E011E021E031E0D
:104D3000002AD8B4012AD8B4022AD8B4032A000120
:104D40001200D8B204D0080EEA6E3F0EE96E006A77
:104D5000016A026A036A08013F6B406B416B426B58
:104D60003E513D113C113B112CE0200E436FD89079
:104D70003737383739373A373F3740374137423797
:104D80003E51425D08E13D51415D05E13C51405DD0
:104D900002E13B513F5D0FE33B513F5F3C51D8A0E7
:104DA0003C3D405F3D51D8A03D3D415F3E51D8A0C4
:104DB0003E3D425FD8800036013602360336432F2F
:104DC000D6D73FC8EFFF40C8ECFF41C8ECFF42C850
:104DD000ECFF00011200E95008012F6F2E51316FD6
:104DE0001CE02DC83CF82CC83BF82BC83AF82AC860
:104DF00039F8406B3F6B200E3E6F820E3D6F000115
:104E00008CEC17F003C02DF802C02CF801C02BF871
:104E100000C02AF80801312FE4D72DC83AF82CC871
:104E200039F82BC838F82AC837F8000169DF03C001
:104E30002DF802C02CF801C02BF800C02AF8080198
:104E40002DAF0DD02F072F8B2A1F2B1F2C1F2D1F8F
:104E50002A2BD8B42B2BD8B42C2BD8B42D2B3B0E0B
:104E6000366F9A0E356FCA0E346F336B0A0E316F80
:104E70002E51D8B42F2BD882080EEA6E2A0EE96E76
:104E80002DC83AF82CC839F82BC838F82AC837F892
:104E900036C83EF835C83DF834C83CF833C83BF84E
:104EA00000014FDF0150005213E108012E29315D4E
:104EB000D8A402D000010CD02F510DE00F0B315DB2
:104EC00001E044E22FBF42D02FBD05D0200E37D0E5
:104ED000200E08012F172FAB0FD02F9B2E51D8A4D7
:104EE0002F0700502F6F2D0E376F000126EC15F0A5
:104EF00008012F51006E2F6B2E51315D0DE10050D6
:104F00002F6F2E0E376F000126EC15F008012F5180
:104F1000006E200E2F17000E300E2FAB10D02F9BDF
:104F20002E51D8A42F0700502F6F2D0E376F000180
:104F300026EC15F008012F51006E2F6B300E002665
:104F400000C037F8000126EC15F00801D89236C8E9
:104F50003AF835C839F834C838F833C837F83E6BF2
:104F60003D6B3C6B0A0E3B6F0001EBDE03C036F875
:104F700002C035F801C034F800C033F80801312F01
:104F80007AD700011200EACF32F8E9CF31F80801F0
:104F90002BAF08D0318F31A9312B2A1F2B1F2A2B81
:104FA000D8B42B2B2B39F0092D6F2D27E20F2E6F44
:104FB000320F306F2B510F0B2E272E273027E90F82
:104FC0002F6F2F272F272A390F0B2F2730272F3707
:104FD0003037301F30372A510F0B30272D37070E4F
:104FE0002C6F0A0E2F073027FDE32E072F27FDE336
:104FF0002D072E27FDE32C072D27FDE3080EEA6E73
:105000002C0EE96E070E3115319DED52311507E179
:1050100031B9EE5231B903D0200E006E21D0E9260D
:10502000000EEA22E950300804E1EA50080801E1E4
:10503000318DEF50006E08E131BD06D031B91ED080
:1050400031B702D0200E0BD031AF06D02D0E006E3E
:10505000ED50319D319F04D031873199300E0026BB
:10506000EACF2BF8E9CF2AF800C037F8000126EC88
:1050700015F02BC8EAFF2AC8E9FF0801EE5031AD50
:10508000D1D70001BEEF39F008013151016A305D1E
:1050900003E230C800F00CD0006A080E326F3037DF
:1050A00000363151005CD8B0006E0136322FF7D790
:1050B00000011200200E08012BA9300E2C6F2AC807
:1050C00000F02AAF08D0001E002A00C02AF82D0EDA
:1050D0002C6F2B8F2B8101502AC830F8640E316F52
:1050E0000001D2DF00C02AF8300E012408012D6F24
:1050F0002AC830F80A0E316F0001C6DF300E0024D6
:1051000008012F6F300E01242E6F2CC800F0300ED6
:105110002D5D04E02B832BBF2B8512D02CC82DF8DE
:10512000200E2C6F300E2E5D04E02B812BBF2B83C5
:1051300007D0D8A42B8104E12DC82EF8200E2D6FA6
:105140002BB505D02BB308D02BB10BD00FD02CC86A
:1051500037F8000126EC15F02DC837F8000126ECD1
:1051600015F02EC837F8000126EC15F02FC837F8D7
:10517000000126EC15F012008E0E006E3EC801F004
:105180003DC802F0036A015209E102C001F0026A5F
:10519000080E005E015202E1006A08D0D89001BEFC
:1051A00004D0023601360006F9D7019E120008012C
:1051B0003D51D8B4A5D0496F4151D8B4A1D0495F71
:1051C00005E37F0E4927D8B09BD006D0810E495FFA
:1051D000D8A096D0D8B494D049C800F0016A026A29
:1051E000036A486B3EC847F8478F3FC846F840C837
:1051F00045F8190E496F4451455F0DE2010E465FB7
:105200000AE2475F08E2485F06E2482B472B462B3D
:105210004451452728D04351465F12E2010E475FB3
:105220000FE2485F0DE2482B472B4351462744517C
:10523000452719E3462B17E1472B15E1482B13D0DF
:1052400042518009475F0EE2010E485F0BE2482B96
:1052500042518009472743514627E9E3472BE7E1BD
:10526000482BE5D70380492F01D00BD0D890453784
:10527000463747374837D8900336023601364A3723
:10528000BAD74AA106D0D8900132023203324A334B
:1052900002D0000635E04ABF1ED0D89045374637C9
:1052A000473748374451455F07E2010E465F04E245
:1052B000475F02E2485F1AE34351465F05E2010E91
:1052C000475F02E2485F12E342518009475F03E211
:1052D000010E485F0BE3032A09E1022A07E1012AD4
:1052E00005E1002A0DE00132023203323EC849F8DE
:1052F0004251491B49AF02D0018E06D0019E04D015
:10530000006A016A026A036A00011200800ED8A2D4
:1053100002D00801421B0801476B486B3EC846F8A3
:105320004251461B3D51D8B4DFD0456F006E41510C
:10533000D8B4E3D0455FD8B483D03EE342C84BF83D
:105340004B8F43C84AF844C849F8486BD8904B3350
:105350004A3349334833452FF8D746AF03D0478106
:10536000E0D0479145914789080EEA6E400EE96EFC
:10537000EBD0479946BF0AD045A113D04B334A33EF
:1053800049334833002AD8B4C7D00BD04BBF0CD018
:10539000D890483749374A374B370006D8B4BCD085
:1053A000F5D7478D6DD0479D3EC846F83EAF02D039
:1053B0004B8FABD04B9FA9D041C845F841C800F0F6
:1053C0003D51455F3EC84BF84B8F3FC84AF840C837
:1053D00049F8486BD8904B334A3349334833452F0B
:1053E000F8D746AF03D047839CD047934591478B6E
:1053F000080EEA6E440EE96EA7D0479B46BF0AD05E
:1054000045A113D04B334A3349334833002AD8B42B
:1054100083D00BD04BBF0CD0D890483749374A3790
:105420004B370006D8B478D0F5D7478F29D0479F9F
:1054300042C846F842AF02D04B8F67D04B9F65D031
:1054400042C84BF84B8F43C84AF844C849F846AFA6
:1054500004D04B9F478565D04795486B4591080E12
:10546000EA6E400EE96E70D046BF1CD03EC846F8CA
:1054700045A106D04B334A3349334833002A4CE028
:1054800048AF0BD0492B09E14A2B07E14B2B05E133
:105490004B334A334933002A3FE047BD84D747BFE7
:1054A000C6D71CD0800E4B1B4BAF04D03AD042C89D
:1054B00046F80AD03EC846F84B5306E14A5304E189
:1054C000495302E1006A21D04BBF08D0D890483739
:1054D00049374A374B37002EF7D71ED046AF02D098
:1054E0004B8F13D04B9F11D041C800F042C84BF8EE
:1054F00043C84AF844C849F808D03DC800F03EC83F
:105500004BF83FC84AF840C849F84BC801F04AC8B0
:1055100002F049C803F034D0006A016A026A036AE3
:105520002FD0486B491F4A1F4B1F481F482B05E1CE
:10553000492B03E14A2B01E14B2B47B112D747B36B
:1055400054D747B589D7B3D7EF50492705E34A2B3E
:1055500003E14B2BD8B44581ED52EF504A2703E3CA
:105560004B2BD8B44581ED52EF50EFBE01D0800AED
:105570004B27D8B0458147B9FCD647BB3ED774D737
:10558000000112000801316B306B2F6B7F0E2E6F04
:10559000356B346B336B326B368136933695386BA3
:1055A0002A512B1105E1006A016A026A036A12D1CD
:1055B0003851382B036A2A25E96E2B510320EA6EF5
:1055C000EFCF37F83753D8B4C7D036A10FD0375103
:1055D00020080CE0369137512B0803E13693AFD009
:1055E00005D037512D0802E13683A9D036B107D056
:1055F00037512E0804E136B502D03685A0D036B139
:105600009BD037512F08D8B097D037513908D8A040
:1056100093D0300E375F36A554D031C83CF830C82F
:105620003BF82FC83AF82EC839F8406B3F6B200E74
:105630003E6F820E3D6F00018CEC17F003C031F815
:1056400002C030F801C02FF800C02EF808013E6BF0
:1056500037C83DF8000190DD03C03CF802C03BF8BC
:1056600001C03AF800C039F803C040F802C03FF862
:1056700001C03EF800C03DF831C844F830C843F8D6
:105680002FC842F82EC841F892DDD89235C840F8AC
:1056900034C83FF833C83EF832C83DF803C044F878
:1056A00002C043F801C042F800C041F82FDE03C039
:1056B00035F802C034F801C033F800C032F83AD0EF
:1056C00008013C6B3B6B200E3A6F820E396F35C878
:1056D00040F834C83FF833C83EF832C83DF80001FE
:1056E0008CEC17F003C03CF802C03BF801C03AF85C
:1056F00000C039F808013E6B37C83DF800013CDDB9
:10570000D8923CC840F83BC83FF83AC83EF839C880
:105710003DF803C044F802C043F801C042F800C09D
:1057200041F8F4DD03C035F802C034F801C033F8A5
:1057300000C032F805D0080136B101D00DD000010B
:1057400008013851382B036A2A25E96E2B510320B2
:10575000EA6EEFCF37F836D736A31AD03C6B3B6BE7
:10576000800E3A6F7F0E396F35C840F834C83FF865
:1057700033C83EF832C83DF800018CEC17F003C086
:1057800035F802C034F801C033F800C032F808011F
:105790002C512D1117E038530CE038072CC8E9FFC5
:1057A0002DC8EAFF38512A25EF6E000E2B21EC6E32
:1057B00009D02CC8E9FF2DC8EAFF2BC8ECFFED5239
:1057C0002AC8EFFF32C800F033C801F034C802F035
:1057D00035C803F000011200060E0401606F0601D7
:1057E000A46BAA6B0701E06BDF6B270EE26F100E54
:1057F000E16FE40EF66E1F0EF76E080E08012A6FB9
:1058000000010EEC24F00601A351A4A8FED7736E8C
:105810000D0EA4A8FED7736E0A0EA4A8FED7736E51
:105820000701E2C703F0E151D8B4E207E107031032
:10583000D8B4E1D0A4AAD6D0000151EC1DF001C02B
:10584000A5F6040000D000000601AA2D0DD0A55138
:105850002C080AE0AB51AB2B036ACE0FE96E070EA2
:105860000320EA6EA5C6EFFFA451020818E1A55176
:105870002C0815E1AA5304E1010EAA6FAB6B0FD0FF
:10588000AA2D0DD0020EAA6F036AAB51CE0FE96E9E
:10589000070E0320EA6EEF6A040000D00000A45354
:1058A0000CE1A5512B0809E1010EA46F0701E06B83
:1058B000DF6B040000D000000601A5510D0809E1CE
:1058C000A451030806E1040000D00000070193D0B2
:1058D0000601A42D01D003D0A451020827E107013D
:1058E000E0C703F0DF51DF2BD8B4E02B08012A6FAB
:1058F000AC0E2A25E96E060E0320EA6EA5C6EFFF60
:10590000040000D00000AC0E0701DF25E96E060E92
:10591000E021EA6EEF6A040000D00000E05303E1EA
:10592000DF517F0801E267D029D00601A4510308A6
:1059300026E10701E0C703F0DF51DF2BD8B4E02BED
:1059400008012A6F600E2A25E96E070E0320EA6E11
:10595000A5C6EFFF040000D00000600E0701DF25A0
:10596000E96E070EE021EA6EEF6A040000D0000045
:10597000E05303E1DF51630801E23DD00601A55188
:105980000A0809E1A451020806E10701E06BDF6B98
:10599000030E0601A46FA42D23D02B0E0701E36F85
:1059A000430EE46F4D0EE56F470EE66F520EE76F44
:1059B000E86B060E08012D6FAC0E2C6F070E2F6FD3
:1059C000E30E2E6F316B050E306F00014AEC22F0B2
:1059D000015207E1020E0601A46F040000D000008E
:1059E00000010701010E0801B66F000154EC12F02E
:1059F000060116D70701070E08012B6FCE0E2A6F7E
:105A0000010E2D6F170E2C6F000123EF24F00152B1
:105A1000D8A42AEF3DF0070160512308D8A46BD128
:105A2000EB6B230EEC6FED6B070E08012D6F600E14
:105A30002C6F070E2F6FEC0E2E6F0001E5EC24F09B
:105A400002C0EAF701C0E9F70701E951EA11D8B449
:105A5000A8D0EB51000A000111E0010A1DE0030A81
:105A600029E0010A35E0070A41E0010A4DE0030A96
:105A700059E0010A65E00F0A71E07ED008012D6B44
:105A80002C6B2B6B120E2A6FEAC72FF8E9C72EF882
:105A900000013DEC25F070D008012D6B2C6B2B6BB9
:105AA000160E2A6FEAC72FF8E9C72EF800013DEC61
:105AB00025F062D008012D6B2C6B2B6B1A0E2A6F10
:105AC000EAC72FF8E9C72EF800013DEC25F054D0C5
:105AD00008012D6B2C6B2B6B200E2A6FEAC72FF859
:105AE000E9C72EF800013DEC25F046D008012D6BEA
:105AF0002C6B2B6B500E2A6FEAC72FF8E9C72EF8D4
:105B000000013DEC25F038D008012D6B2C6B2B6B80
:105B1000300E2A6FEAC72FF8E9C72EF800013DECD6
:105B200025F02AD008012D6B2C6B2B6B700E2A6F81
:105B3000EAC72FF8E9C72EF800013DEC25F01CD08C
:105B400008012D6B2C6B2B6B800E2A6FEAC72FF888
:105B5000E9C72EF800013DEC25F00ED008012D6BB1
:105B60002C6B2B6B900E2A6FEAC72FF8E9C72EF823
:105B700000013DEC25F000D00701EB2B230EEC6F6C
:105B8000ED6B08012D6B2C6B070E2F6FEC0E2E6F3B
:105B90000001E5EC24F002C0EAF701C0E9F754D7B0
:105BA00007010801386B376B366B356939690001BD
:105BB00069EC13F0050E0801B66F000154EC12F009
:105BC0000801386B376B366BF00E356F690E396F25
:105BD000000169EC13F0050E0801B66F000154ECEA
:105BE00012F00801386B376B366BF10E356F2A0EE9
:105BF000396F000169EC13F0050E0801B66F000162
:105C000054EC12F00801386B376B366BFC0E356FB5
:105C10002A0E396F000169EC13F0050E0801B66F0A
:105C2000000154EC12F00801386B376B366BFB0E39
:105C3000356F2A0E396F000169EC13F0050E08016B
:105C4000B66F000154EC12F00801386B376B366BFD
:105C5000FE0E356F690E396F000169EC13F0020E0C
:105C600008012A6FFA0EB66F000154EC12F0080119
:105C70002A2FF8D7070EEA6EEC0EE96EF2CF2AF85B
:105C8000F29E0F0E016EF76A000E0001EFEC09F0B4
:105C90000A000900F5CFEEFF012EFBD708012ABF4D
:105CA000F28E070E336FCE0E326F070E356FEC0E8D
:105CB000346F0001A9EC25F0040E08012A6FFA0EDA
:105CC000B66F000154EC12F008012A2FF8D7010E2C
:105CD0002A6F000148EC26F0040E08012A6FFA0E24
:105CE000B66F000154EC12F008012A2FF8D7FF001C
:105CF00027EF3DF0070160512408D8A4B9D0FD6B0F
:105D0000240EFE6FFF6B070E08012D6F600E2C6FC7
:105D1000070E2F6FFE0E2E6F0001E5EC24F002C07F
:105D2000FCF701C0FBF70701FB51FC1166E0FD51D8
:105D3000000A000107E0010A1EE0030A2BE0010A45
:105D400038E046D008012D6B2C6B2B6BD10E2A6FDF
:105D5000FCC72FF8FBC72EF800013DEC25F0EA6ADE
:105D6000E30EE96EFCC7E2FFFBC7E1FFE752E6CFB7
:105D7000EEFFFCE12DD008012D6B2C6B010E2B6F7B
:105D8000040E2A6FFCC72FF8FBC72EF800013DEC6C
:105D900025F01ED008012D6B2C6B010E2B6F140EFD
:105DA0002A6FFCC72FF8FBC72EF800013DEC25F049
:105DB0000FD008012D6B2C6B010E2B6F240E2A6F58
:105DC000FCC72FF8FBC72EF800013DEC25F000D0F2
:105DD0000701FD2B240EFE6FFF6B08012D6B2C6B52
:105DE000070E2F6FFE0E2E6F0001E5EC24F002C0AF
:105DF000FCF701C0FBF797D70701050E0801B66F46
:105E0000000154EC12F00801386B376B366BF20E60
:105E1000356F2A0E396F000169EC13F0050E080189
:105E2000B66F000154EC12F0070EEA6EFE0EE96E3A
:105E3000F2CF2AF8F29E0C0E016EF76A000E04EC07
:105E40000AF00A000900F5CFEEFF012EFBD708018A
:105E50002ABFF28E070E336FCE0E326F070E356FEC
:105E6000FE0E346F0001A9EC25F027EF3DF007018D
:105E7000080EEA6E0A0EE96EF2CF2AF8F29E080EBC
:105E8000016EF76A000E000117EC0AF00A00090023
:105E9000F5CFEEFF012EFBD708012ABFF28E070EC9
:105EA0002D6F600E2C6F080E2F6F0A0E2E6F316B48
:105EB000070E306F00014AEC22F001526FE1070E2D
:105EC00008012B6F600E2A6F000195EC22F008018B
:105ED0002D6B2C6B2B6B500E2A6F070E2F6F600EE5
:105EE0002E6F00013DEC25F00801386B376B366BE7
:105EF000FC0E356F2A0E396F000169EC13F0050EA8
:105F00000801B66F000154EC12F00801386B376BD2
:105F1000366B3569396B000169EC13F0050E080129
:105F2000B66F000154EC12F0EA6AA70EE96E070E94
:105F3000E26E600EE16EE752E6CFEEFFFCE1050E89
:105F40000801B66F000154EC12F0060E04016B6FED
:105F5000AC0E6A6FF20EF66E1F0EF76E080E080199
:105F60002A6F000137EC15F0070EEA6E600EE96E3D
:105F70004BEC15F0050E0801B66F000154EC12F061
:105F8000070E0801336FCE0E326F060E356FAC0E62
:105F9000346F0001A9EC25F027EF3DF0080EEA6E02
:105FA0000A0EE96EF2CF2AF8F29E070E016EF76A2A
:105FB000000E28EC0AF00A000900F5CFEEFF012ED2
:105FC000FBD708012ABFF28E070E2D6F600E2C6FD3
:105FD000080E2F6F0A0E2E6F316B060E306F000108
:105FE0004AEC22F0015278E1070E08012B6F600E97
:105FF0002A6F000195EC22F008012D6B2C6B2B6BA6
:10600000200E2A6F070E2F6F600E2E6F00013DECE1
:1060100025F00801386B376B366BFB0E356F2A0E97
:10602000396F000169EC13F0050E0801B66F00012D
:1060300054EC12F00801386B376B366B3569396BED
:10604000000169EC13F0050E0801B66F000154EC75
:1060500012F0EA6A980EE96E070EE26E600EE16ECB
:10606000E752E6CFEEFFFCE108012B6B980E2A6F9A
:1060700000010AEC17F001C006F2050E0801B66F28
:10608000000154EC12F0060E04016B6FAC0E6A6F47
:10609000FE0EF66E1F0EF76E070E08012A6F000146
:1060A00037EC15F0070EEA6E600EE96E4BEC15F05A
:1060B000050E0801B66F000154EC12F0070E08013E
:1060C000336FCE0E326F060E356FAC0E346F00019B
:1060D000A9EC25F027EF3DF0080EEA6E0A0EE96EF6
:1060E000F2CF2AF8F29E080E016EF76A000E39EC24
:1060F0000AF00A000900F5CFEEFF012EFBD70801D8
:106100002ABFF28E070E2D6F600E2C6F080E2F6FB8
:106110000A0E2E6F316B070E306F00014AEC22F031
:10612000015230E1070E08012B6F600E2A6F00014B
:1061300095EC22F008012D6B2C6B010E2B6F350EA8
:106140002A6F070E2F6F600E2E6F00013DEC25F0B9
:106150000801386B376B366BF50E356F2A0E396FC9
:10616000000169EC13F0EA6A1F0EE96E070EE26E99
:10617000600EE16EE752E6CFEEFFFCE169EC26F03F
:1061800027EF3DF0080EEA6E0A0EE96EF2CF2AF80C
:10619000F29E070E016EF76A000E4AEC0AF00A0042
:1061A0000900F5CFEEFF012EFBD708012ABFF28EC2
:1061B000070E2D6F600E2C6F080E2F6F0A0E2E6FBC
:1061C000316B060E306F00014AEC22F0015211E1F2
:1061D0000801386B376B366BF20E356F396B000187
:1061E00069EC13F002011A9F000169EC26F027EF19
:1061F0003DF0080EEA6E0A0EE96EF2CF2AF8F29E22
:10620000090E016EF76A000E5BEC0AF00A00090045
:10621000F5CFEEFF012EFBD708012ABFF28E070E45
:106220002D6F600E2C6F080E2F6F0A0E2E6F316BC4
:10623000080E306F00014AEC22F001525CE1070EBB
:1062400008012B6F600E2A6F000195EC22F0080107
:106250002D6B2C6B2B6B1A0E2A6F070E2F6F600E97
:106260002E6F00013DEC25F0010EEA6E300EE96E56
:10627000070EE26E600EE16EE752E6CFEEFFFCE144
:10628000070E08012B6F600E2A6F0001FFEC15F05E
:1062900002C066F101C065F1010E0801B66F000190
:1062A00054EC12F0060E04016B6FAC0E6A6F080E10
:1062B000F66E200EF76E0A0E08012A6F000137EC09
:1062C00015F0070EEA6E600EE96E4BEC15F0050E48
:1062D0000801B66F000154EC12F0070E0801336F8D
:1062E000CE0E326F060E356FAC0E346F0001A9EC86
:1062F00025F027EF3DF0080EEA6E0A0EE96EF2CFA8
:106300002AF8F29E090E016EF76A000E6DEC0AF093
:106310000A000900F5CFEEFF012EFBD708012ABFC6
:10632000F28E070E2D6F600E2C6F080E2F6F0A0E67
:106330002E6F316B080E306F00014AEC22F00152D3
:10634000D8A479D0070E08012B6F600E2A6F0001C8
:1063500095EC22F008012D6B2C6B2B6B160E2A6F1F
:10636000070E2F6F600E2E6F00013DEC25F0010E21
:10637000EA6E2C0EE96E070EE26E600EE16EE752D9
:10638000E6CFEEFFFCE1070E08012B6F600E2A6FCF
:106390000001FFEC15F002C068F101C067F10101D6
:1063A000685303E16751090805E2685303E1675147
:1063B0001E0803E2686B0F0E676F68C12BF867C198
:1063C0002AF808012D6B3C0E2C6F0001F9EC16F039
:1063D00002C06AF101C069F1010E0801B66F000147
:1063E00054EC12F0060E04016B6FAC0E6A6F160EC1
:1063F000F66E200EF76E0A0E08012A6F000137ECC8
:1064000015F0070EEA6E600EE96E4BEC15F0050E06
:106410000801B66F000154EC12F0070E0801336F4B
:10642000CE0E326F060E356FAC0E346F0001A9EC44
:1064300025F027EF3DF0080EEA6E0A0EE96EF2CF66
:106440002AF8F29E090E016EF76A000E7FEC0AF040
:106450000A000900F5CFEEFF012EFBD708012ABF85
:10646000F28E070E2D6F600E2C6F080E2F6F0A0E26
:106470002E6F316B080E306F00014AEC22F0015292
:106480005CE1070E08012B6F600E2A6F000195EC8E
:1064900022F008012D6B2C6B2B6BA40E2A6F070EBC
:1064A0002F6F600E2E6F00013DEC25F0010EEA6E9D
:1064B000340EE96E070EE26E600EE16EE752E6CF33
:1064C000EEFFFCE1070E08012B6F600E2A6F000142
:1064D000FFEC15F002C064F401C063F4010E080182
:1064E000B66F000154EC12F0060E04016B6FAC0E97
:1064F0006A6F240EF66E200EF76E0D0E08012A6FDD
:10650000000137EC15F0070EEA6E600EE96E4BECF9
:1065100015F0050E0801B66F000154EC12F0070EDD
:106520000801336FCE0E326F060E356FAC0E346F2E
:106530000001A9EC25F027EF3DF0080EEA6E0A0EE7
:10654000E96EF2CF2AF8F29E070E016EF76A000E8E
:1065500091EC0AF00A000900F5CFEEFF012EFBD7FF
:1065600008012ABFF28E070E2D6F600E2C6F080EE9
:106570002F6F0A0E2E6F316B060E306F00014AEC42
:1065800022F0015238E10801386B376B366B356BFE
:106590003969000169EC13F0050E0801B66F0001BE
:1065A00054EC12F0080EEA6E0A0EE96EF2CF2AF8E9
:1065B000F29E0D0E016EF76A000EA2EC0AF00A00C0
:1065C0000900F5CFEEFF012EFBD708012ABFF28E9E
:1065D000070E336FCE0E326F080E356F0A0E346F12
:1065E0000001A9EC25F0050E0801B66F000154EC7E
:1065F00012F027EF3DF0080EEA6E0A0EE96EF2CFB8
:106600002AF8F29E016EF76A000EB6EC0AF00A0054
:106610000900F5CFEEFF012EFBD708012ABFF28E4D
:10662000070E2D6F600E2C6F080E2F6F0A0E2E6F47
:10663000316B090E306F00014AEC22F001525CE12F
:10664000070E08012B6F600E2A6F000195EC22F0F7
:1066500008012D6B2C6B2B6B120E2A6F070E2F6F00
:10666000600E2E6F00013DEC25F0010EEA6E280E43
:10667000E96E070EE26E600EE16EE752E6CFEEFFC6
:10668000FCE1070E08012B6F600E2A6F0001FFEC82
:1066900015F002C062F101C061F1010E0801B66F90
:1066A000000154EC12F0060E04016B6FAC0E6A6F21
:1066B000340EF66E200EF76E0A0E08012A6F0001E6
:1066C00037EC15F0070EEA6E600EE96E4BEC15F034
:1066D000050E0801B66F000154EC12F0070E080118
:1066E000336FCE0E326F060E356FAC0E346F000175
:1066F000A9EC25F027EF3DF0080EEA6E0A0EE96ED0
:10670000F2CF2AF8F29E080E016EF76A000EC8EC6E
:106710000AF00A000900F5CFEEFF012EFBD70801B1
:106720002ABFF28E070E2D6F600E2C6F080E2F6F92
:106730000A0E2E6F316B070E306F00014AEC22F00B
:106740000152D8A48CD007016753D8A402D000010D
:1067500086D06A53D8A402D0000181D06B53D8B43C
:1067600002D000017CD067C701F10801386B376B9C
:10677000366BA00E356F67C739F8000169EC13F06E
:10678000050E0801B66F000154EC12F068C702F163
:106790000801386B376B366BA00E356F68C739F858
:1067A000000169EC13F0050E0801B66F000154EC0E
:1067B00012F069C703F10801386B376B366BA00E16
:1067C000356F69C739F8000169EC13F0050E08014F
:1067D000B66F000154EC12F06AC704F10801386B7F
:1067E000376B366BA00E356F6AC739F8000169EC5C
:1067F00013F00101056B050E0801B66F000154ECA2
:1068000012F0060E04016B6FAC0E6A6F420EF66E4C
:10681000200EF76E0F0E08012A6F000137EC15F0FD
:10682000010EEA6EE96E4BEC15F0050E0801B66F2D
:10683000000154EC12F0070E0801336FCE0E326FD8
:10684000060E356FAC0E346F0001A9EC25F0050E75
:106850000801B66F000154EC12F027EF3DF04C0E2A
:1068600008010A6F6F0E0B6F630E0C6F0D6B070E36
:106870002D6F600E2C6F080E2F6F0A0E2E6F316B6E
:10688000030E306F00014AEC22F0015257E1060E70
:1068900004016B6FAC0E6A6F540EF66E200EF76E2D
:1068A0001E0E08012A6F000137EC15F083C137F87E
:1068B00026EC15F0890EE96EDCC12DF8DBC12CF851
:1068C000DAC12BF8D9C12AF8060E08012E6F000193
:1068D000EBEC26F02C0E0801376F000126EC15F0CA
:1068E00099C137F826EC15F0890EE96EE0C12DF854
:1068F000DFC12CF8DEC12BF8DDC12AF8060E080135
:106900002E6F0001EBEC26F0050E0801B66F0001BA
:1069100054EC12F0070E0801336FCE0E326F060EE4
:10692000356FAC0E346F0001A9EC25F0050E08019F
:10693000B66F000154EC12F027EF3DF0080EEA6E3E
:106940000A0EE96EF2CF2AF8F29E090E016EF76A7E
:10695000000ED9EC0AF00A000900F5CFEEFF012E77
:10696000FBD708012ABFF28E070E2D6F600E2C6F29
:10697000080E2F6F0A0E2E6F316B080E306F00015C
:106980004AEC22F0015230E104015051350815E182
:10699000590E08010A6F650E0B6F730E0C6F0D6BAD
:1069A000070E336FCE0E326F080E356F0A0E346F3E
:1069B0000001A9EC25F015D004015051310812E175
:1069C0004E0E08010A6F6F0E0B6F0C6B070E336FC4
:1069D000CE0E326F080E356F0A0E346F0001A9EC2F
:1069E00025F0040129EF3DF0520E08010A6F730EE5
:1069F0000B6F740E0C6F0D6B070E2D6F600E2C6FEE
:106A0000080E2F6F0A0E2E6F316B030E306F0001D0
:106A10004AEC22F001523FE1080EEA6E0A0EE96EDE
:106A2000F2CF2AF8F29E016EF76A000EEBEC0AF044
:106A30000A000900F5CFEEFF012EFBD708012ABF9F
:106A4000F28E070E336FCE0E326F080E356F0A0EC0
:106A5000346F0001A9EC25F0040E08012A6FFA0E2C
:106A6000B66F000154EC12F008012A2FF8D7010E7E
:106A70002A6F000148EC26F0040E08012A6FFA0E76
:106A8000B66F000154EC12F008012A2FF8D7FF006E
:106A900027EF3DF00001080EEA6E0A0EE96EF2CF14
:106AA0002AF8F29E070E016EF76A000EFDEC0AF05E
:106AB0000A000900F5CFEEFF012EFBD708012ABF1F
:106AC000F28E070E2D6F600E2C6F080E2F6F0A0EC0
:106AD0002E6F316B060E306F00014AEC22F001522E
:106AE000D8A466D1070E08012B6F600E2A6F000133
:106AF00095EC22F00201046B056B410E08010A6F50
:106B0000750E0B6F740E0C6F6F0E0D6F0E6B070E04
:106B10002D6F600E2C6F080E2F6F0A0E2E6F316BCB
:106B2000040E306F00014AEC22F001523AE10201FA
:106B3000039B0801386B376B366BCE0E356F3969A6
:106B4000000169EC13F0010E0801B66F000154EC6E
:106B500012F0080EEA6E0A0EE96EF2CF2AF8F29EE3
:106B60000C0E016EF76A000E0EEC0BF00A00090025
:106B7000F5CFEEFF012EFBD708012ABFF28E070EDC
:106B8000336FCE0E326F080E356F0A0E346F000170
:106B9000A9EC25F0010E0801B66F000154EC12F0CB
:106BA00005D1070160512F0808E26051390805E35B
:106BB000300E605D0201046F070161512F080EE283
:106BC000615139080BE3020104510A0DF3CF04F2BD
:106BD000300E0701615D02010427070161512C0895
:106BE00020E162512F0808E26251390805E3300EB6
:106BF000625D0201056F070163512F080EE26351C8
:106C000039080BE3020105510A0DF3CF05F2300EEE
:106C10000701635D0201052707010201038B26D0EE
:106C2000070162512C0820E163512F0808E26351EB
:106C3000390805E3300E635D0201056F07016451F9
:106C40002F080EE2645139080BE3020105510A0DC9
:106C5000F3CF05F2300E0701645D0201052707013D
:106C60000201038B03D007010201039B03AB63D036
:106C700004510C0860E305513B085DE3080EEA6E21
:106C80000A0EE96EF2CF2AF8F29E070E016EF76A3D
:106C9000000E000121EC0BF00A000900F5CFEEFF19
:106CA000012EFBD708012ABFF28E070E336FCE0EDE
:106CB000326F080E356F0A0E346F0001A9EC25F013
:106CC000010E0801B66F000154EC12F00801386B98
:106CD000376B366BCE0E356F2A0E396F000169ECBB
:106CE00013F0010E0801B66F000154EC12F0080118
:106CF000386B376B366BCF0E356F04C239F8000135
:106D000069EC13F0010E0801B66F000154EC12F0AB
:106D10000801386B376B366BD00E356F05C239F80A
:106D2000000169EC13F0010E0801B66F000154EC8C
:106D300012F03CD00201039B046B056B080EEA6E57
:106D40000A0EE96EF2CF2AF8F29E0B0E016EF76A78
:106D5000000E000132EC0BF00A000900F5CFEEFF47
:106D6000012EFBD708012ABFF28E070E336FCE0E1D
:106D7000326F080E356F0A0E346F0001A9EC25F052
:106D8000010E0801B66F000154EC12F00801386BD7
:106D9000376B366BCE0E356F3969000169EC13F035
:106DA000010E0801B66F000154EC12F027EF3DF020
:106DB000480E08010A6F530E0B6F0C6B070E2D6FF8
:106DC000600E2C6F080E2F6F0A0E2E6F316B090E9E
:106DD000306F00014AEC22F0015234E1820EF66E6F
:106DE000200EF76E95EC14F00A0E0801B66F000144
:106DF00054EC12F0080EEA6E0A0EE96EF2CF2AF891
:106E0000F29E016EF76A000E45EC0BF00A000900D5
:106E1000F5CFEEFF012EFBD708012ABFF28E070E39
:106E2000336FCE0E326F080E356F0A0E346F0001CD
:106E3000A9EC25F0640E0801B66F000154EC12F0C5
:106E400027EF3DF0570E08010A6F530E0B6F0C6BC6
:106E5000070E2D6F600E2C6F080E2F6F0A0E2E6F0F
:106E6000316B306F00014AEC22F0015235E1900E97
:106E7000F66E200EF76E95EC14F00A0E0801B66F50
:106E8000000154EC12F0080EEA6E0A0EE96EF2CF21
:106E90002AF8F29E0B0E016EF76A000E57EC0BF00B
:106EA0000A000900F5CFEEFF012EFBD708012ABF2B
:106EB000F28E070E336FCE0E326F080E356F0A0E4C
:106EC000346F0001A9EC25F0640E0801B66F0001D3
:106ED00054EC12F027EF3DF0430E08010A6F530EF9
:106EE0000B6F0C6B070E2D6F600E2C6F080E2F6F43
:106EF0000A0E2E6F316B306F00014AEC22F0015206
:106F000035E19E0EF66E200EF76E95EC14F00A0E2B
:106F10000801B66F000154EC12F0080EEA6E0A0E7A
:106F2000E96EF2CF2AF8F29E0B0E016EF76A000EA0
:106F30006AEC0BF00A000900F5CFEEFF012EFBD73B
:106F400008012ABFF28E070E336FCE0E326F080E85
:106F5000356F0A0E346F0001A9EC25F0640E0801AC
:106F6000B66F000154EC12F027EF3DF04F0E080110
:106F70000A6F540E0B6F410E0C6F0D6B070E2D6FC9
:106F8000600E2C6F080E2F6F0A0E2E6F316B030EE2
:106F9000306F00014AEC22F0015204E102011A852F
:106FA00028EF3DF0440E08010A6F610E0B6F740E5E
:106FB0000C6F610E0D6F0E6B070E2D6F600E2C6F38
:106FC000080E2F6F0A0E2E6F316B040E306F00010A
:106FD0004AEC22F0015202E127EF3DF0530E080186
:106FE0000A6F6F0E0B6F730E0C6F0D6B070E2D6F0C
:106FF000600E2C6F080E2F6F0A0E2E6F316B030E72
:10700000306F00014AEC22F00152D8A424D1070EBF
:1070100008012B6F600E2A6F000195EC22F0220E02
:107020000101066F2B0E076F0801386B376B366B4B
:10703000AA0E356F220E396F000169EC13F0050EB0
:107040000801B66F000154EC12F00801386B376B81
:10705000366BAB0E356F2B0E396F000169EC13F0F8
:10706000050E0801B66F000154EC12F00601A96B81
:10707000A86BA76BA66BA953D8A4C9D0A853D8A452
:10708000C6D0A753D8A4C3D0A6510E08D8A0BFD04D
:10709000600EA625E96E070EA721EA6EEF5257E1B2
:1070A000AC0EA62508012A6F000E0601A7210801D3
:1070B0002B6F000E0601A82108012C6F000E06019F
:1070C000A92108012D6F386F2CC837F82BC836F866
:1070D0002AC835F8220E396F000169EC13F0020E50
:1070E0000601A62508012A6F000E0601A721080146
:1070F0002B6F000E0601A821000E0601A921080130
:10710000060E2A25E96E010E2B21EA6E220EEF6E85
:10711000030E0601A62508012A6F000E0601A7210D
:1071200008012B6F000E0601A821000E0601A921FF
:107130000801060E2A25E96E010E2B21EA6EEF6A80
:10714000050EB66F000154EC12F0060160D0020E7D
:10715000A62508012A6F000E0601A72108012B6F42
:10716000000E0601A821000E0601A9210801060E45
:107170002A25016E010E2B21036E600E0601A62545
:10718000E96E070EA721EA6EEFCF30F8080103C0C1
:10719000EAFF01C0E9FF30C8EFFFAC0E0601A625EB
:1071A00008012A6F000E0601A72108012B6F000EAF
:1071B0000601A82108012C6F000E0601A921080173
:1071C0002D6F600E0601A625E96E070EA721EA6E57
:1071D000EFCF2EF82DC838F82CC837F82BC836F862
:1071E0002AC835F82EC839F8000169EC13F0050EED
:1071F0000801B66F000154EC12F0010E0601A6273B
:10720000D8B0A72BD8B4A82BD8B4A92B34D7040155
:107210003A85060E6B6FAC0E6A6FAC0EF66E200EE2
:10722000F76E160E08012A6F000137EC15F0070EF5
:10723000EA6E600EE96E4BEC15F0070E0801336F35
:10724000CE0E326F060E356FAC0E346F0001A9EC16
:1072500025F027EF3DF0530E08010A6F6F0E0B6FFC
:10726000640E0C6F0D6B070E2D6F600E2C6F080EE9
:107270002F6F0A0E2E6F316B030E306F00014AEC38
:1072800022F0015202E127EF3DF0530E08010A6F90
:10729000740E0B6F730E0C6F0D6B070E2D6F600E5F
:1072A0002C6F080E2F6F0A0E2E6F316B030E306F8E
:1072B00000014AEC22F00152D8A4E0D0060E0401ED
:1072C0006B6FAC0E6A6FEA6AC50EE96E00014BEC9B
:1072D00015F02C0E0801376F000126EC15F0EA6A54
:1072E000A70EE96E4BEC15F02C0E0801376F00016C
:1072F00026EC15F0010EEA6E170EE96E4BEC15F058
:107300002C0E0801376F000126EC15F0010EEA6E15
:10731000060EE96E4BEC15F02C0E0801376F0001DC
:1073200026EC15F0010EEA6E4B0EE96E4BEC15F0F3
:107330002C0E0801376F000126EC15F0010EEA6EE5
:10734000300EE96E4BEC15F02C0E0801376F000182
:1073500026EC15F0010EEA6E2C0EE96E4BEC15F0E2
:107360002C0E0801376F000126EC15F00B0EE96EAC
:1073700064C42BF863C42AF8C3EF27F02C0E08016D
:10738000376F000126EC15F0010EEA6E280EE96E4B
:107390004BEC15F02C0E0801376F000126EC15F0B0
:1073A000010EEA6E380EE96E4BEC15F02C0E08015A
:1073B000376F000126EC15F0010EEA6E3F0EE96E04
:1073C0004BEC15F02C0E0801376F000126EC15F080
:1073D000010EEA6E450EE96E4BEC15F02C0E08011D
:1073E000376F000126EC15F0010E08012A6F180E08
:1073F0002B6F00015AEC28F02E0E0801376F0001A8
:1074000026EC15F0020E08012A6F180E2B6F0001F2
:107410005AEC28F02E0E0801376F000126EC15F00B
:10742000050E08012A6F180E2B6F00015AEC28F088
:107430002C0E0801376F000126EC15F0EA6A980E51
:10744000E96E4BEC15F02C0E0801376F000126ECAD
:1074500015F0050E08012A6F180E2B6F00015AEC6B
:1074600028F0070E0801336FCE0E326F060E356F0F
:10747000AC0E346F0001A9EC25F0E9D2520E0801E0
:107480000A6F6C0E0B6F790E0C6F6F0E0D6F6E0E18
:107490000E6F0F6B070E2D6F600E2C6F080E2F6F87
:1074A0000A0E2E6F316B050E306F00014AEC22F090
:1074B00001522FE104013D6B0801386B376B366BCD
:1074C000F40E356F3DC439F8000169EC13F0080E75
:1074D000EA6E0A0EE96EF2CF2AF8F29E100E016EE5
:1074E000F76A000E8DEC0BF00A000900F5CFEEFFF5
:1074F000012EFBD708012ABFF28E070E336FCE0E86
:10750000326F080E356F0A0E346F0001A9EC25F0BA
:107510009ED2080EEA6E0A0EE96EF2CF2AF8F29EAB
:10752000070E016EF76A000EA2EC0BF00A000900CC
:10753000F5CFEEFF012EFBD708012ABFF28E070E12
:107540002D6F600E2C6F080E2F6F0A0E2E6F316B91
:10755000060E306F00014AEC22F001522FE10401C7
:107560003D690801386B376B366BF40E356F3DC4DF
:1075700039F8000169EC13F0080EEA6E0A0EE96EA4
:10758000F2CF2AF8F29E110E016EF76A000EB3ECEC
:107590000BF00A000900F5CFEEFF012EFBD7080122
:1075A0002ABFF28E070E336FCE0E326F080E356F84
:1075B0000A0E346F0001A9EC25F049D2450E0801EE
:1075C0000A6F0B6F520E0C6F0D6B070E2D6F600E56
:1075D0002C6F080E2F6F0A0E2E6F316B030E306F5B
:1075E00000014AEC22F00152D8A495D00401416B6D
:1075F000406B010E3F6F9F0E3E6F456B446B010E5B
:10760000436F9F0E426F43C42BF844C42CF845C40B
:107610002DF808012E6B2C6B2D6B2E6B386B376B96
:10762000010E366F9D0E356F43C439F8000169ECC9
:1076300013F004000C0E006E002EFED700D042C4E2
:107640002AF808012B6B2C6B2D6B386B376B010EF6
:10765000366F9E0E356F42C439F8000169EC13F0A5
:1076600004000C0E006E002EFED700D03FC42BF895
:1076700040C42CF841C42DF808012E6B2C6B2D6BE7
:107680002E6B386B376B010E366F9B0E356F3FC418
:1076900039F8000169EC13F004000C0E006E002EA6
:1076A000FED700D03EC42AF808012B6B2C6B2D6B43
:1076B000386B376B010E366F9C0E356F3EC439F850
:1076C000000169EC13F004000C0E006E002EFED7D2
:1076D00000D0080EEA6E0A0EE96EF2CF2AF8F29E8A
:1076E0000E0E016EF76A000EC9EC0BF00A000900DD
:1076F000F5CFEEFF012EFBD708012ABFF28E070E51
:10770000336FCE0E326F080E356F0A0E346F0001E4
:10771000A9EC25F09CD1410E08010A6F430E0B6FB6
:107720004C0E0C6F3A0E0D6F0E6B070E2D6F600E28
:107730002C6F080E2F6F0A0E2E6F316B040E306FF8
:1077400000014AEC22F0015249E1070E08012B6FBB
:10775000600E2A6F000195EC22F008012D6B2C6B56
:107760002B6BC00E2A6F070E2F6F600E2E6F00015D
:107770003DEC25F0070E08012B6F600E2A6F2D6B74
:107780002C6B0001C2EC2AF003C049F402C048F49B
:1077900001C047F400C046F4080EEA6E0A0EE96E16
:1077A000F2CF2AF8F29E080E016EF76A000EDDECA9
:1077B0000BF00A000900F5CFEEFF012EFBD7080100
:1077C0002ABFF28E070E336FCE0E326F080E356F62
:1077D0000A0E346F0001A9EC25F039D1440E0801DE
:1077E0000A6F430E0B6F4C0E0C6F3A0E0D6F0E6B43
:1077F000070E2D6F600E2C6F080E2F6F0A0E2E6F66
:10780000316B040E306F00014AEC22F0015249E165
:10781000070E08012B6F600E2A6F000195EC22F015
:1078200008012D6B2C6B2B6BC70E2A6F070E2F6F69
:10783000600E2E6F00013DEC25F0070E08012B6F46
:10784000600E2A6F2D6B2C6B0001C2EC2AF003C076
:107850004DF402C04CF401C04BF400C04AF4080ED1
:10786000EA6E0A0EE96EF2CF2AF8F29E080E016E59
:10787000F76A000EEEEC0BF00A000900F5CFEEFF00
:10788000012EFBD708012ABFF28E070E336FCE0EF2
:10789000326F080E356F0A0E346F0001A9EC25F027
:1078A000D6D0080EEA6E0A0EE96EF2CF2AF8F29EE2
:1078B000080E016EF76A000EFFEC0BF00A000900DB
:1078C000F5CFEEFF012EFBD708012ABFF28E070E7F
:1078D0002D6F600E2C6F080E2F6F0A0E2E6F316BFE
:1078E000070E306F00014AEC22F001526DE10601F3
:1078F000A96BA86BA76BA66BA95326E1A85324E13B
:10790000A751010821E303E1A6519F081DE3A9C681
:1079100038F8A8C637F8A7C636F8A6C635F808015D
:107920003969000169EC13F0020E0801B66F00011D
:1079300054EC12F0010E0601A627D8B0A72BD8B43C
:10794000A82BD8B4A92BD8D7080EEA6E0A0EE96E78
:10795000F2CF2AF8F29E140E016EF76A000E0001B3
:1079600010EC0CF00A000900F5CFEEFF012EFBD75A
:1079700008012ABFF28E070E336FCE0E326F080E4B
:10798000356F0A0E346F0001A9EC25F00C0E0801CA
:107990002A6FFA0EB66F000154EC12F008012A2F7C
:1079A000F8D7010E2A6F000148EC26F0040E0801FA
:1079B0002A6FFA0EB66F000154EC12F008012A2F5C
:1079C000F8D7FF0044D00001080EEA6E0A0EE96EF7
:1079D000F2CF2AF8F29E090E016EF76A000E27EC2C
:1079E0000CF00A000900F5CFEEFF012EFBD70801CD
:1079F0002ABFF28E070E2D6F600E2C6F080E2F6FB0
:107A00000A0E2E6F316B070E306F00014AEC22F028
:107A100001521DE10801386B376B366BF70E356F7D
:107A2000020E396F000169EC13F0010E08012A6F94
:107A3000000148EC26F0080E08012A6FFA0EB66F16
:107A4000000154EC12F008012A2FF8D7FF000201C0
:107A500004010001410E08011E6F750E1F6F740EA8
:107A6000206F680E216F226B070E2D6F600E2C6F3A
:107A7000080E2F6F1E0E2E6F316B040E306F00013B
:107A80004AEC22F00152D8A4C1D0010101510701F2
:107A9000645DD8B402D00001B9D0010102510701E0
:107AA000655DD8B402D00001B1D0010103510701D6
:107AB000665DD8B402D00001A9D0010104510701CC
:107AC000675DD8B402D00001A1D008012D6B2C6BEA
:107AD0002B6B2A6B070E2F6FCE0E2E6F00013DEC25
:107AE00025F0050E0801B66F000154EC12F00801F4
:107AF0002D6B2C6B2B6B2A6B0001E1EC12F001500B
:107B0000220863E1220E0101176F0601A96BA86B21
:107B1000A76B010EA66FA95357E1A85355E1A753D0
:107B200053E1A651100850E3A9C62DF8A8C62CF8B9
:107B3000A7C62BF8A6C62AF80001E1EC12F001C096
:107B400029F8040000D000000801295122082AE188
:107B5000170E0601A625E96E010EA721EA6E29C8B7
:107B6000EFFF040000D00000010EA62508012A6FD7
:107B7000000E0601A72108012B6F000E0601A821A7
:107B8000000E0601A9210801170E2A25E96E010E33
:107B90002B21EA6EEF6A040000D00000060114D029
:107BA0000AD00801170E0601A625E96E010EA721CD
:107BB000EA6E29C8EFFF010EA627D8B0A72BD8B4CC
:107BC000A82BD8B4A92BA7D70001080EEA6E1E0E69
:107BD000E96EF2CF2AF8F29E0B0E016EF76A000EE4
:107BE00039EC0CF00A000900F5CFEEFF012EFBD7AF
:107BF00008012ABFF28E010E336F170E326F080E86
:107C0000356F1E0E346F0001A9EC25F00A0E080135
:107C1000B66F000154EC12F0C60EF66E200EF76E31
:107C2000080E08012A6F00010EEC24F00601A35192
:107C3000A4A8FED7736E0D0EA4A8FED7736E0A0E0D
:107C4000A4A8FED7736E4F0E08011E6F4B0E1F6F58
:107C5000206B080E3E6F1E0E3D6F130E406F880E98
:107C60003F6F0001B3EC1DF03FEF3FF00601919133
:107C7000926B0400050E006E002EFED700D00000AF
:107C8000D40EF66E200EF76E0001C3EC15F00D0E4B
:107C900006019C6F0A0E9D6F4F0E9E6F4B0E9F6FDD
:107CA000A06B060E08013E6F9C0E3D6F270E406FC5
:107CB000100E3F6F0001B3EC1DF00601919101B071
:107CC00091810A0E0801B66F000154EC12F0E00E2B
:107CD000F66E200EF76EC3EC15F00D0E06019C6FCC
:107CE0000A0E9D6F4F0E9E6F4B0E9F6FA06B060E80
:107CF00008013E6F9C0E3D6F270E406F100E3F6FC8
:107D00000001B3EC1DF00601919101B091810A0EC2
:107D10000801B66F000154EC12F0F00EF66E200E62
:107D2000F76EC3EC15F00B0E0601A36FB80EA26F31
:107D30000001B5EC23F002C0A3F601C0A2F6050EC7
:107D400004016B6F650E6A6F02C0EAFF01C0E9FFB4
:107D500000014BEC15F00A0E0801B66F000154EC5F
:107D600012F00601A16B050E08012B6F650E2A6F3C
:107D700000010AEC17F001500601A15D50E2650E0A
:107D8000A125E96E050EEA6ED8B0EA2AEF502B085D
:107D900044E1010EA125650FE96E050EEA6ED8B02B
:107DA000EA2AEF50430839E1020EA125650FE96E7A
:107DB000050EEA6ED8B0EA2AEF504D082EE1030E08
:107DC000A125650FE96E050EEA6ED8B0EA2AEF50DC
:107DD000470823E1040EA125650FE96E050EEA6E42
:107DE000D8B0EA2AEF504C0818E1070EA1279251AB
:107DF000922B036A930F016E060E0322650EA125D6
:107E0000E96E050EEA6ED8B0EA2AEFCFA4F603C0F9
:107E1000EAFF01C0E9FFA4C6EFFFA12BA4D7036AC4
:107E20009251930FE96E060E0320EA6E2A0EEF6E52
:107E300093512A0835E0926B036A9251930FE96ED1
:107E4000060E0320EA6EEF502F0820E2036A9251DB
:107E5000930FE96E060E0320EA6EEF50390816E321
:107E60009251922B036A930FE96E060E0320EA6E7D
:107E7000EFCFA2F6A2C6A3F60001ECEF2BF0140E92
:107E80000801B66F000154EC12F00601036A92512A
:107E9000930FE96E060E0320EA6EEF502A08CCE13C
:107EA000140E0801B66F000154EC12F012008E0E91
:107EB000006E0501C351005EC4C502F0C5C501F0E6
:107EC000028E005209E0D890025202E1015204E011
:107ED00002320132002EF7D7C4AF05D0011E021EB8
:107EE000012AD8B4022A0001120005019791979344
:107EF0000400050E006E002EFED700D00000800E9C
:107F0000F66E240EF76E0001C3EC15F00D0E0501A0
:107F1000A26F0A0EA36F4F0EA46F4B0EA56FA66B38
:107F2000050E08013E6FA20E3D6F270E406F100E2A
:107F30003F6F0001B3EC1DF00501979101B09781EF
:107F4000640E0801B66F000154EC12F0860EF66E56
:107F5000240EF76EC3EC15F00D0E0501A26F0A0E8C
:107F6000A36F4F0EA46F4B0EA56FA66B050E0801F5
:107F70003E6FA20E3D6F270E406F100E3F6F000147
:107F8000B3EC1DF00501979101B09781640E0801D3
:107F9000B66F000154EC12F0920EF66E240EF76EDE
:107FA000C3EC15F00B0E0601A36FB80EA26F000113
:107FB000B5EC23F002C0A9F501C0A8F5050E040137
:107FC0006B6F650E6A6F02C0EAFF01C0E9FF000136
:107FD0004BEC15F00A0E0801B66F000154EC12F0DC
:107FE0000501A76B050E08012B6F650E2A6F0001B6
:107FF0000AEC17F001500501A75DD8B087D0036ADD
:10800000A751650FE96E050E0320EA6EEF502B08AD
:108010002FE1010EA725036A650FE96E050E032007
:10802000EA6EEF50430824E1020EA725036A650FAC
:10803000E96E050E0320EA6EEF50430819E1030EC6
:10804000A725036A650FE96E050E0320EA6EEF505F
:108050004C080EE1040EA725036A650FE96E050EB4
:108060000320EA6EEF504B0803E19783040EA72725
:1080700097A34AD0036AA751650FE96E050E032046
:10808000EA6EEF502B0840E1A72B036AA751650F5A
:10809000E96E050E0320EA6EEF502F0835E2036A01
:1080A000A751650FE96E050E0320EA6EEF503908FF
:1080B0002BE3A751A72B036A650FE96E050E03207A
:1080C000EA6EEFCF98F5036AA751650FE96E050ECA
:1080D0000320EA6EEF502F0816E2036AA751650FDE
:1080E000E96E050E0320EA6EEF5039080CE3A75144
:1080F000A72B036A650FE96E050E0320EA6EEFCF2A
:1081000099F59A6B01D0996BA72B6CD7050E0801D6
:108110002B6F980E2A6F0001FFEC15F002C09DF541
:1081200001C09CF505019D5306E19C51300803E315
:108130000201038B05019DC53EF89CC53DF8000179
:10814000BCEC28F003C0ABF502C0AAF501C0A9F54C
:1081500000C0A8F503C040F802C03FF801C03EF8D7
:1081600000C03DF80801446B436B426B810E416FC8
:108170000001D7EC28F003C0A1F502C0A0F501C0B2
:108180009FF500C09EF5A1C5C6F5A0C5C5F59FC564
:10819000C4F59EC5C3F58BDE01C004F208013E6B39
:1081A00004C23DF80001BCEC28F0D882A1C540F81B
:1081B000A0C53FF89FC53EF89EC53DF803C044F8F2
:1081C00002C043F801C042F800C041F886EC29F033
:1081D00008013C6B3B6B700E3A6F840E396F03C025
:1081E00040F802C03FF801C03EF800C03DF8000171
:1081F0008CEC17F003C0C6F502C0C5F501C0C4F58C
:1082000000C0C3F554DE01C005F2320E0801B66F9E
:10821000000154EC12F0120005018C6B9E0EF66EFC
:10822000240EF76E0001C3EC15F00B0E0601A36FD0
:10823000B80EA26F0001B5EC23F002C09AF501C0A0
:1082400099F5050E04016B6F650E6A6F02C0EAFFB7
:1082500001C0E9FF00014BEC15F0050EEA6E8D0E32
:10826000E96EF2CF99F5F29E0A0E016EF76A000EE2
:108270003DEC0DF00A000900F5CFEEFF012EFBD713
:10828000050199BFF28E050E0801B96F650EB86F32
:10829000050EBB6F8D0EBA6F00015CEC1DF002C0C5
:1082A0009CF501C09BF505019B5302E19C5304E042
:1082B00002011F6B93D00501976B050E08012B6F10
:1082C000650E2A6F00010AEC17F001500501975D59
:1082D000D8B083D0036A9751650FE96E050E03206D
:1082E000EA6EEF502B08D8A476D0010E9725036ACA
:1082F000650FE96E050E0320EA6EEF5051086BE141
:10830000020E9725036A650FE96E050E0320EA6EDB
:10831000EF50430860E1030E9725036A650FE96E8D
:10832000050E0320EA6EEF50530855E1040E972521
:10833000036A650FE96E050E0320EA6EEF505108DF
:108340004AE10D0E9727986B9851030826E3036ABC
:108350008C51880F016E050E032203C09AF59851C7
:108360009725036A650FE96E050E0320EA6EEFCFCD
:108370009BF59AC5EAFF01C0E9FF9BC5EFFF036AC1
:108380008C51880FE96E050E0320EA6EEF502C0821
:1083900001E103D08C2B982BD7D7036A8C51880F1F
:1083A000E96E050E0320EA6EEF502C0814E1036A13
:1083B0008C51880FE96E050E0320EA6EEF6A050EF8
:1083C00008012B6F880E2A6F0001FFEC15F001C029
:1083D0001FF2050102D0972B70D702010001120095
:1083E000200E0501C7A9300EC86FC6C500F0C6AF84
:1083F00008D0001E002A00C0C6F52D0EC86FC78F1A
:10840000C7810150C6C530F8640E0801316F000104
:1084100044EC28F000C0C6F5300E01240501C96FF8
:10842000C6C530F80A0E0801316F000144EC28F08F
:10843000300E00240501CB6F300E0124CA6FC8C571
:1084400000F0300EC95D04E0C783C7BFC78512D0F6
:10845000C8C5C9F5200EC86F300ECA5D04E0C781DB
:10846000C7BFC78307D0D8A4C78104E1C9C5CAF56F
:10847000200EC96FC7B505D0C7B307D0C7B109D0A3
:108480000CD0C851A4A8FED7736EC951A4A8FED7BA
:10849000736ECA51A4A8FED7736ECB51A4A8FED7A1
:1084A000736E0001120005016791F10E6625C66F1B
:1084B00008012D6B2C6B2B6B2A6F0001E1EC12F085
:1084C00001502A08D8A4FBD1FA0EF66E200EF76EE2
:1084D000C3EC15F066C5C6F5180E0501C76F00019F
:1084E0007FDF2C0EA4A8FED7736E220EA4A8FED7A1
:1084F000736E05016A6B696B6A5339E169511D0836
:1085000036E3665309E1C50E6925E96E000E6A215E
:10851000EA6EEFCF68F508D0E30E6925E96E000E2C
:108520006A21EA6EEFCF68F568513A0809E1220E38
:10853000A4A8FED7736E2C0EA4A8FED7736E11D01C
:10854000685306E068510001B3EC1EF00BD0050142
:108550000D0EA4A8FED7736E0A0EA4A8FED7736EE4
:1085600006D000010501692BD8B46A2BC5D7665324
:1085700028E1050EEA6E6B0EE96EF2CFC6F5F29EAB
:10858000100E016EF76A000E00015FEC0CF00A009D
:108590000900F5CFEEFF012EFBD70501C6BFF28E15
:1085A000050E08013E6F6B0E3D6F3A0E406F980E40
:1085B0003F6F0001B3EC1DF00501679101B06781C9
:1085C00029D0662D27D0050EEA6E7B0EE96EF2CF1C
:1085D000C6F5F29E100E016EF76A000E000174ECF3
:1085E0000CF00A000900F5CFEEFF012EFBD70501C4
:1085F000C6BFF28E050E08013E6F7B0E3D6F3A0E30
:10860000406F980E3F6F0001B3EC1DF005016791BC
:1086100001B06781C80E0801B66F000154EC12F07A
:10862000050167A111D1060EF66E210EF76E00014D
:10863000C3EC15F066C5C6F5180E0501C76F00013D
:10864000CFDE2C0EA4A8FED7736E220EA4A8FED7F0
:10865000736E0501C96BC86BC76B200EC66F000136
:10866000B7EC1EF0120EF66E210EF76EC3EC15F08D
:108670000501665319E1C96BC86BC76B700EC66FF5
:108680000001B7EC1EF0160EF66E210EF76EC3EC6D
:1086900015F00501C96BC86BC76B800EC66F000172
:1086A000B7EC1EF01CD00501662D1AD0C96BC86B43
:1086B000010EC76F040EC66F0001B7EC1EF01A0E54
:1086C000F66E210EF76EC3EC15F00501C96BC86B91
:1086D000010EC76F140EC66F0001B7EC1EF0050146
:1086E0001E0EF66E210EF76E0001C3EC15F00501AB
:1086F000665328E1050EEA6E8B0EE96EF2CFC6F5E1
:10870000F29E120E016EF76A000E000189EC0CF069
:108710000A000900F5CFEEFF012EFBD70501C6BF09
:10872000F28E050E08013E6F8B0E3D6F3A0E406FC4
:10873000980E3F6F0001B3EC1DF00501679101B089
:10874000678127D0050EEA6E9D0EE96EF2CFC6F561
:10875000F29E120E016EF76A000E00019FEC0CF003
:108760000A000900F5CFEEFF012EFBD70501C6BFB9
:10877000F28E050E08013E6F9D0E3D6F3A0E406F62
:10878000980E3F6F0001B3EC1DF00501679101B039
:108790006781020EC66FFA0E0801B66F000154EC35
:1087A00012F00501C62FF7D767B139D0220EF66E49
:1087B000210EF76E0001C3EC15F0300E05016625A1
:1087C000C66FC6510001B3EC1EF0050EEA6EAF0E87
:1087D000E96EF2CFC6F5F29E0C0E016EF76A000E3E
:1087E000B5EC0CF00A000900F5CFEEFF012EFBD727
:1087F0000501C6BFF28E050E08013E6FAF0E3D6F3C
:108800003A0E406F980E3F6F0001B3EC1DF005016A
:10881000679101B0678104014E9309D00501665349
:1088200004E104014E8303D0050104014E85020ECC
:108830000501C66FFA0E0801B66F000154EC12F084
:108840000501C62FF7D73CD02E0EF66E210EF76E1F
:108850000C0E08012A6F00010EEC24F066C5C6F567
:10886000180E0501C76F0001BBDD0D0EA4A8FED7D1
:10887000736E0A0EA4A8FED7736E050EEA6EBB0EC9
:10888000E96EF2CFC6F5F29E0B0E016EF76A000E8E
:10889000C8EC0CF00A000900F5CFEEFF012EFBD763
:1088A0000501C6BFF28E050E08013E6FBB0E3D6F7F
:1088B0003A0E406F980E3F6F0001B3EC1DF00501BA
:1088C00000011200E9500501A46FA3AF0DD0A40769
:1088D000A48BA01FA11FA21FA31FA02BD8B4A12B44
:1088E000D8B4A22BD8B4A32B3B0EAB6F9A0EAA6FB1
:1088F000CA0EA96FA86B0A0EA66FD882050EEA6E83
:10890000A00EE96EA3C53AF8A2C539F8A1C538F89A
:10891000A0C537F8ABC53EF8AAC53DF8A9C53CF8D7
:10892000A8C53BF80001A1EC26F00150005213E16C
:108930000501A651010AD8A402D000010CD0A4510F
:108940000DE00F0BA65D01E028E2A4BF26D0A4BD78
:1089500005D0200E1DD0200E0501A417A4AB0AD00F
:10896000A49B00C0A4F52D0EA4A8FED7736EA4C5C9
:1089700000F0A46B300EA4AB0BD0A49B00C0A4F5F8
:108980002D0EA4A8FED7736EA4C500F0A46B300E04
:1089900000260050A4A8FED7736ED892ABC53AF853
:1089A000AAC539F8A9C538F8A8C537F808013E6B3B
:1089B0003D6B3C6B0A0E3B6F0001A1EC26F003C03F
:1089C000ABF502C0AAF501C0A9F500C0A8F50501E4
:1089D000A62F93D7000112007E0EF66E210EF76EC1
:1089E000C3EC15F0040000D0000099C5C6F5180EC0
:1089F0000501C76F0001F4DC8E0EF66E210EF76ED6
:108A0000080E08012A6F00010EEC24F0040000D0CB
:108A10000000050199530AE1C96BC86BC76B900E42
:108A2000C66F0001B7EC1EF00AD00501C96BC86B18
:108A3000010EC76F240EC66F0001B7EC1EF0220EA8
:108A4000A4A8FED7736E2C0EA4A8FED7736E0400E4
:108A500000D00000410EE96E9DC5A3F59CC5A2F5AE
:108A60009BC5A1F59AC5A0F52DDF0D0EA4A8FED7D4
:108A7000736E0A0EA4A8FED7736E040000D0000027
:108A80003E0E05019E6F9F6B050E08013E6F9E0E08
:108A90003D6F3A0E406F980E3F6F0001B3EC1DF032
:108AA000050E0801B66F000154EC12F0120005012A
:108AB000675348E166C52BF865C52AF800010AEC42
:108AC00017F0010E01240501906B8F6F996B9D6B60
:108AD0009C6B90C59BF59A6F00017EDF66C5EAFF2F
:108AE00065C5E9FF96EC25F00D0EA4A8FED7736EC0
:108AF0000A0EA4A8FED7736E050EEA6E690EE96E23
:108B0000F2CF8FF5F29E130E016EF76A000EEFECB6
:108B10000CF00A000900F5CFEEFF012EFBD705018E
:108B20008FBFF28E050E08013E6F690E3D6F3A0E43
:108B3000406F980E3F6F0001B3EC1DF001C068F567
:108B400049D0050166C52BF865C52AF800010AEC75
:108B500017F0010E01240501906B8F6F010E996FC4
:108B60009D6B9C6B90C59BF58FC59AF5000134DF1A
:108B700066C5EAFF65C5E9FF96EC25F00D0EA4A8D1
:108B8000FED7736E0A0EA4A8FED7736E050EEA6EAA
:108B90007C0EE96EF2CF8FF5F29E130E016EF76A2E
:108BA000000E06EC0DF00A000900F5CFEEFF012ED5
:108BB000FBD705018FBFF28E050E08013E6F7C0EBC
:108BC0003D6F3A0E406F980E3F6F0001B3EC1DF001
:108BD00001C068F50501685303E004014E870501F3
:108BE000320E0801B66F000154EC12F012009EAA7A
:108BF000FED7ABCF16F0AECF01F016A202D0AB98E5
:108C0000AB88F7EF6FF066C568F565C567F566C5B3
:108C10006AF565C569F505016B6B6AC503F069C541
:108C2000E9FF6AC5EAFFEF52D8B487D06AC503F0FE
:108C300069C5E9FF6AC5EAFFEF502C08D8A479D0CE
:108C400069C5E9FF6AC5EAFFEF6A6B51010A0001D5
:108C50000DE0030A18E0010A23E0070A2EE0010AEA
:108C600039E0030A44E00F0A4FE05BD0010EEA6EE0
:108C7000A70EE96E68C5E2FF67C5E1FFE752E6CFE0
:108C8000EEFFFCE14ED0010EEA6E6F0EE96E68C594
:108C9000E2FF67C5E1FFE752E6CFEEFFFCE141D01E
:108CA000010EEA6E830EE96E68C5E2FF67C5E1FF5B
:108CB000E752E6CFEEFFFCE134D0010EEA6E850EFE
:108CC000E96E68C5E2FF67C5E1FFE752E6CFEEFF58
:108CD000FCE127D0010EEA6E990EE96E68C5E2FF4D
:108CE00067C5E1FFE752E6CFEEFFFCE11AD0010EC7
:108CF000EA6E9B0EE96E68C5E2FF67C5E1FFE752C9
:108D0000E6CFEEFFFCE10DD0010EEA6E9D0EE96E9E
:108D100068C5E2FF67C5E1FFE752E6CFEEFFFCE181
:108D200000D0010E05016925676F000E6A21686F8A
:108D30006B2B692BD8B46A2B70D70400050E006E1C
:108D4000002EFED700D00000000175EF70F066C560
:108D500068F565C567F566C56AF565C569F5050118
:108D60006B6B6AC503F069C5E9FF6AC5EAFFEF529C
:108D700059E06AC503F069C5E9FF6AC5EAFFEF502B
:108D80002C084CE169C5E9FF6AC5EAFFEF6A6B513F
:108D9000010A000107E0060A12E00F0A1DE0010ABD
:108DA00028E034D0010EEA6EA70EE96E68C5E2FF36
:108DB00067C5E1FFE752E6CFEEFFFCE127D0010EE9
:108DC000EA6EB60EE96E68C5E2FF67C5E1FFE752DD
:108DD000E6CFEEFFFCE11AD0010EEA6ECF0EE96E8F
:108DE00068C5E2FF67C5E1FFE752E6CFEEFFFCE1B1
:108DF0000DD0010EEA6EC00EE96E68C5E2FF67C5D0
:108E0000E1FFE752E6CFEEFFFCE100D0010E0501E5
:108E10006925676F000E6A21686F6B2B692BD8B4C8
:108E20006A2B9FD70400050E006E002EFED700D0DF
:108E300000000001D2EF70F0016603D0026602D09C
:108E400007D0022A00C0EEFF012EFCD7022EFAD76F
:108E500009EF71F0016A026A006A036A050177513D
:108E600002E1765118E0100E786FD890743775379C
:108E7000003603367751035C02E17651005C07E36C
:108E80007651005ED8A003067751035ED880013684
:108E90000236782FEAD70001120005017251030B48
:108EA000746F756B745327E1755325E173C575F5C0
:108EB00072C574F5776B640E766F0001CBDF00C06E
:108EC00074F5050103C075F5745317E1755315E189
:108ED00073C575F572C574F5010E776F900E766FD8
:108EE0000001B8DF00C074F5050103C075F57453C7
:108EF00002E1755302E0000E01D0010E016E000187
:108F0000A9EF47F005016F51010A000117E0020ABD
:108F100015E0060A13E0020A11E00F0A0FE0020A48
:108F20000DE0060A0BE0080A0CE0020A0AE00F0A4C
:108F300008E0020A06E0090A07E014D01F0E016EDD
:108F400013D01E0E016E10D071C573F570C572F589
:108F5000A4D7015203E0036A1D0E02D0036A1C0E5F
:108F6000016E02D0000E016EDBEF47F0050165C512
:108F7000E9FF66C5EAFFEF2A65C5E9FF66C5EAFFB6
:108F8000EFCF6BF567C5E9FF68C5EAFFEFCF6CF57A
:108F90006AC503F069C5E9FF6AC5EAFFECCF6EF563
:108FA000ED52EFCF6DF56CC56FF56EC571F56DC502
:108FB00070F50001A7D705016B51015C26E266C57B
:108FC00003F065C5E9FF03C0EAFF010EEF6E67C558
:108FD000E9FF68C5EAFFEF2A68C503F067C5E9FF46
:108FE00068C5EAFFEF500C0810E267C5E9FF68C5E5
:108FF000EAFF010EEF6E6AC503F069C5E9FF6AC5B5
:10900000EAFF010EEE2601E3EF2A000181EF48F0AE
:10901000020103BB09D0040153B502D0020104D000
:10902000000175EC3FF0020103BB04D01E0E056F7A
:10903000050E046F300E0101C05D0A0DF350C1250D
:10904000D00F02010B6F300E0101C25D0A0DF3500B
:10905000C325D00F02010A6F300E0101C45D0A0D55
:10906000F350D00F0501656F070E666FD8B0662B01
:109070000101C55105016527000E6623300E655DAF
:1090800002010C6F000E0501665902010D6F300ED2
:109090000101A75D0A0DF350A825D00F0201076F4B
:1090A000300E0101A95D0A0DF350AA25D00F02016F
:1090B000086F300E0101AB5D0A0DF350AC25D00FE7
:1090C0000201096F0551082708513B0804E23C0ED4
:1090D000085F010E0727045107270751170812E2FE
:1090E000180E075F020E0501666F0B0E656F020E0C
:1090F000686F0A0E676F020E6A6F0C0E696F0001CF
:1091000035D7020100011BEF71F008012B6B65C51B
:109110002AF80E0E2D6F100E2C6F0001F9EC16F0D0
:1091200002C06FF501C06EF5050166513C0DF350AC
:109130006E27000E6F2367516E256B6F08012B6B36
:1091400068C52AF80E0E2D6F100E2C6F0001F9EC79
:1091500016F002C06FF501C06EF5050169513C0DB6
:10916000F3506E27000E6F236A516E256C6F6B51A2
:109170006C5D02E2800E6C276B516C5D6D6F6DC58E
:1091800001F000012CEF74F00501655325E0929089
:10919000899092928992960E0801B66F000154EC64
:1091A00012F0929089800A0E0501666FDC0E0801AC
:1091B000B66F000154EC12F00501662FF7D79290BC
:1091C0008990240E666FFA0E0801B66F000154EC08
:1091D00012F00501662FF7D7010E0401546F00014C
:1091E000F3EC1EF0020E0501666F960E0801B66FD5
:1091F000000154EC12F00501662FF7D704015393D8
:109200005E974E9353A50CD00501666B000153EC9D
:1092100042F0FA0E0801B66F000154EC12F004019E
:1092200000012CEF75F088C53CF887C53BF886C572
:109230003AF885C539F82E0E0801406FFA0E3F6FD7
:109240000E0E3E6F790E3D6F00018CEC17F0120090
:109250000501A86BA76BA66B7F0EA56F7E0EAF6F87
:10926000800EB06FB16BB26B7A0EB36F2A0EB46F13
:10927000AA0EB56FA30EB66F750EB76FB60EB86FA8
:10928000090EB96FB40EBA6F6F0EBB6F4F0EBC6F85
:10929000B60EBD6FAA0EBE6F690EBF6F8B0EC06F8C
:1092A000F60EC16FE80EC26F9CC5C6F59BC5C5F52D
:1092B0009AC5C4F599C5C3F5CA6BC96BC86BC76BB2
:1092C00000014FEC17F005E305019A51800A9A6FEF
:1092D00000019CC53CF89BC53BF89AC53AF899C576
:1092E00039F8830E0801406FF90E3F6F220E3E6F72
:1092F0007E0E3D6F00018CEC17F003C0C6F502C076
:10930000C5F501C0C4F500C0C3F557EC3FF001C07E
:10931000A9F59CC53CF89BC53BF89AC53AF899C598
:1093200039F8830E0801406FF90E3F6F220E3E6F31
:109330007E0E3D6F00018CEC17F003C0C6F502C035
:10934000C5F501C0C4F500C0C3F508013E6BA9C551
:109350003DF80001BCEC28F0D882C6C540F8C5C570
:109360003FF8C4C53EF8C3C53DF803C044F802C089
:1093700043F801C042F800C041F886EC29F003C070
:10938000AEF502C0ADF501C0ACF500C0ABF5030E03
:109390000501A917A95303E0A95102081EE1AEC5B2
:1093A0003CF8ADC53BF8ACC53AF8ABC539F8DB0EB7
:1093B0000801406F0F0E3F6F490E3E6F7F0E3D6FED
:1093C00000018CEC17F003C0A4F502C0A3F501C0A6
:1093D000A2F500C0A1F571D00501A92D38D0D88221
:1093E0000801406B3F6B3E6B7F0E3D6FAEC544F88E
:1093F000ADC543F8ACC542F8ABC541F8000186ECF9
:1094000029F003C0C6F502C0C5F501C0C4F500C00F
:10941000C3F503C03CF802C03BF801C03AF800C0F5
:1094200039F8DB0E0801406F0F0E3F6F490E3E6F9B
:109430007F0E3D6F00018CEC17F003C0A4F502C055
:10944000A3F501C0A2F500C0A1F537D00501D8826F
:10945000AEC540F8ADC53FF8ACC53EF8ABC53DF86C
:109460000801446B436B426B7F0E416F000186EC39
:1094700029F003C0C6F502C0C5F501C0C4F500C09F
:10948000C3F503C03CF802C03BF801C03AF800C085
:1094900039F8DB0E0801406F0F0E3F6F490E3E6F2B
:1094A0007F0E3D6F00018CEC17F003C0A4F502C0E5
:1094B000A3F501C0A2F500C0A1F50501A06B9F6B4B
:1094C0009E6B7F0E9D6FA4C53CF8A3C53BF8A2C55B
:1094D0003AF8A1C539F8A4C540F8A3C53FF8A2C51C
:1094E0003EF8A1C53DF800018CEC17F003C0A4F5CF
:1094F00002C0A3F501C0A2F500C0A1F50501AA6B49
:10950000AA51040866E3A8C53CF8A7C53BF8A6C560
:109510003AF8A5C539F8A4C540F8A3C53FF8A2C5D7
:109520003EF8A1C53DF800018CEC17F003C0A8F58A
:1095300002C0A7F501C0A6F500C0A5F50501AA5116
:10954000040DF350036AAF0FE96E050E0320EA6EB7
:10955000EFCFC3F5ECCFC4F5ECCFC5F5ECCFC6F536
:10956000C6C53CF8C5C53BF8C4C53AF8C3C539F80B
:10957000A8C540F8A7C53FF8A6C53EF8A5C53DF863
:1095800000018CEC17F0EACFC4F5E9CFC3F5D8920F
:10959000A0C540F89FC53FF89EC53EF89DC53DF863
:1095A00003C044F802C043F801C042F800C041F8CB
:1095B00086EC29F0C4C5EAFFC3C5E9FF03C0A0F5E6
:1095C00002C09FF501C09EF500C09DF50501AA2BC4
:1095D00097D7A951020802E0A92D03D09E51800A15
:1095E0009E6F9DC500F09EC501F09FC502F0A0C50D
:1095F00003F000011200D88294C540F893C53FF8EB
:1096000092C53EF891C53DF8DB0E0801446F0F0E80
:10961000436F490E426F7F0E416F000186EC29F0C7
:1096200003C098F502C097F501C096F500C095F506
:1096300003C09CF502C09BF501C09AF500C099F5E6
:1096400007DE12000501BC91B0C5B5F5AFC5B4F594
:10965000AEC5B3F5ADC5B2F5B0C5C6F5AFC5C5F578
:10966000AEC5C4F5ADC5C3F5CA6BC96BC86BC76BD6
:1096700000014FEC17F006E30501BC81B351800AED
:10968000B36F0001B5C5C6F5B4C5C5F5B3C5C4F51E
:10969000B2C5C3F50501CA6BC96BC86B8E0EC76F27
:1096A00000014FEC17F001E219E1B5C5C6F5B4C5EC
:1096B000C5F5B3C5C4F5B2C5C3F557EC3FF002C05C
:1096C0003EF801C03DF8BCEC28F003C0B9F502C07B
:1096D000B8F501C0B7F500C0B6F5D3D0B5C5C6F52D
:1096E000B4C5C5F5B3C5C4F5B2C5C3F5800E050153
:1096F000CA6F960EC96F180EC86F960EC76F00011D
:109700004FEC17F0D8A0B5D0B5C53CF8B4C53BF8C0
:10971000B3C53AF8B2C539F80801406B3F6B3E6BF0
:10972000700E3D6F00018CEC17F003C0C6F502C04F
:10973000C5F501C0C4F500C0C3F557EC3FF002C049
:10974000BBF501C0BAF5B5C53CF8B4C53BF8B3C527
:109750003AF8B2C539F80801406B3F6B3E6B700EAA
:109760003D6F00018CEC17F003C0C0F502C0BFF5DF
:1097700001C0BEF500C0BDF5BBC53EF8BAC53DF899
:10978000BCEC28F0D882C0C540F8BFC53FF8BEC5C4
:109790003EF8BDC53DF803C044F802C043F801C01F
:1097A00042F800C041F886EC29F008013C6B3B6BA5
:1097B0003A6B8E0E396F03C040F802C03FF801C00B
:1097C0003EF800C03DF800018CEC17F003C0B5F581
:1097D00002C0B4F501C0B3F500C0B2F5BBC53EF898
:1097E000BAC53DF8BCEC28F008013C6B3B6B3A6B0A
:1097F0008E0E396F03C040F802C03FF801C03EF83A
:1098000000C03DF800018CEC17F003C0B9F502C0B0
:10981000B8F501C0B7F500C0B6F5B5C5C6F5B4C515
:10982000C5F5B3C5C4F5B2C5C3F557EC3FF002C0EA
:109830003EF801C03DF8BCEC28F0D892B9C540F81C
:10984000B8C53FF8B7C53EF8B6C53DF803C044F803
:1098500002C043F801C042F800C041F886EC29F08C
:1098600003C0B9F502C0B8F501C0B7F500C0B6F540
:1098700008D0B5C5B9F5B4C5B8F5B3C5B7F5B2C527
:10988000B6F5B5C5C6F5B4C5C5F5B3C5C4F5B2C51D
:10989000C3F557EC3FF002C03EF801C03DF8BCEC08
:1098A00028F0D882B5C540F8B4C53FF8B3C53EF836
:1098B000B2C53DF803C044F802C043F801C042F805
:1098C00000C041F886EC29F003C0B5F502C0B4F53C
:1098D00001C0B3F500C0B2F50501BCA103D0B7517A
:1098E000800AB76FB5C5C6F5B4C5C5F5B3C5C4F52F
:1098F000B2C5C3F5CA6BC96BC86BC76B00014FEC2F
:1099000017F03EE00501BCA11DD0B1531BE1D88288
:10991000B9C540F8B8C53FF8B7C53EF8B6C53DF87B
:109920000801446B436B426B7F0E416F000186EC74
:1099300029F003C0B9F502C0B8F501C0B7F500C001
:10994000B6F50501BCB11DD0B12D1BD0D892B9C55B
:1099500040F8B8C53FF8B7C53EF8B6C53DF80801B0
:10996000446B436B426B7F0E416F000186EC29F024
:1099700003C0B9F502C0B8F501C0B7F500C0B6F52F
:109980000501B0C5C6F5AFC5C5F5AEC5C4F5ADC5D5
:10999000C3F5CA6BC96BC86BC76B00014FEC17F0FE
:1099A00006E10501B96BB86BB76BB66B0001B6C5C4
:1099B00000F0B7C501F0B8C502F0B9C503F0120058
:1099C000ACC5B0F5ABC5AFF5AAC5AEF5A9C5ADF54B
:1099D000010E0501B16F000135DE5DEF4DF0ACC544
:1099E000B0F5ABC5AFF5AAC5AEF5A9C5ADF5050196
:1099F000B16B000127DE81EF4DF0A0C5C6F59FC514
:109A0000C5F59EC5C4F59DC5C3F50501CA6BC96BF7
:109A1000C86BC76B00014FEC17F0D8B4A0D09CC541
:109A200040F89BC53FF89AC53EF899C53DF8A0C5DA
:109A300044F89FC543F89EC542F89DC541F8D7EC50
:109A400028F003C0A8F502C0A7F501C0A6F500C024
:109A5000A5F503C0C6F502C0C5F501C0C4F500C038
:109A6000C3F50501CA6BC96BC86BC76B00014FEC2E
:109A700017F024E39CC540F89BC53FF89AC53EF813
:109A800099C53DF8A0C544F89FC543F89EC542F866
:109A90009DC541F8D7EC28F003C0A8F502C0A7F592
:109AA00001C0A6F500C0A5F503C0ACF502C0ABF53A
:109AB00001C0AAF500C0A9F583D723D09CC540F802
:109AC0009BC53FF89AC53EF899C53DF8A0C544F836
:109AD0009FC543F89EC542F89DC541F8D7EC28F0D4
:109AE00003C0A8F502C0A7F501C0A6F500C0A5F502
:109AF00003C0ACF502C0ABF501C0AAF500C0A9F5E2
:109B00006ED703C0A4F502C0A3F501C0A2F500C042
:109B1000A1F5A4C53CF8A3C53BF8A2C53AF8A1C578
:109B200039F8A0C540F89FC53FF89EC53EF89DC5D1
:109B30003DF88CEC17F0D8829CC540F89BC53FF8E7
:109B40009AC53EF899C53DF803C044F802C043F8F1
:109B500001C042F800C041F886EC29F000D01200A4
:109B6000A0C5A4F59FC5A3F59EC5A2F59DC5A1F509
:109B7000A4C5C6F5A3C5C5F5A2C5C4F5A1C5C3F561
:109B80000501CA6BC96BC86B7F0EC76F00014FEC34
:109B900017F0D8B4A2D1050E0501B36FA10EE96E7E
:109BA000B3C5EAFF7E0EEF6ED882A4C540F8A3C508
:109BB0003FF8A2C53EF8A1C53DF80801446B436BD0
:109BC000426B7F0E416F000186EC29F003C0B5F5B2
:109BD00002C0B4F501C0B3F500C0B2F5D892A4C577
:109BE00040F8A3C53FF8A2C53EF8A1C53DF808015D
:109BF000446B436B426B7F0E416F000186EC29F092
:109C0000B5C540F8B4C53FF8B3C53EF8B2C53DF898
:109C100003C044F802C043F801C042F800C041F854
:109C2000D7EC28F003C0A4F502C0A3F501C0A2F54B
:109C300000C0A1F5A4C53CF8A3C53BF8A2C53AF8FD
:109C4000A1C539F8A4C540F8A3C53FF8A2C53EF8A0
:109C5000A1C53DF88CEC17F003C0B0F502C0AFF51C
:109C600001C0AEF500C0ADF5990E08013C6F470E7E
:109C70003B6F8A0E3A6F7F0E396FB0C540F8AFC5A3
:109C80003FF8AEC53EF8ADC53DF800018CEC17F0CD
:109C900003C0B5F502C0B4F501C0B3F500C0B2F51C
:109CA000D89203C040F802C03FF801C03EF800C09F
:109CB0003DF80801446B436B426B800E416F00011D
:109CC00086EC29F003C0A8F502C0A7F501C0A6F5EF
:109CD00000C0A5F54C0E08013C6FF30E3B6F3A0E29
:109CE0003A6F7B0E396FB0C540F8AFC53FF8AEC5CF
:109CF0003EF8ADC53DF800018CEC17F003C0B5F59A
:109D000002C0B4F501C0B3F500C0B2F5D89203C0EB
:109D100040F802C03FF801C03EF800C03DF82B0EED
:109D20000801446F9D0E436FDF0E426F7E0E416F40
:109D3000000186EC29F003C0ACF502C0ABF501C010
:109D4000AAF500C0A9F5ACC53CF8ABC53BF8AAC55F
:109D50003AF8A9C539F8B0C540F8AFC53FF8AEC567
:109D60003EF8ADC53DF88CEC17F003C0B5F502C068
:109D7000B4F501C0B3F500C0B2F5D89203C040F805
:109D800002C03FF801C03EF800C03DF80801446B36
:109D9000436B426B7F0E416F000186EC29F003C0DC
:109DA000ACF502C0ABF501C0AAF500C0A9F5A4C589
:109DB0003CF8A3C53BF8A2C53AF8A1C539F8A8C537
:109DC00040F8A7C53FF8A6C53EF8A5C53DF88CEC00
:109DD00017F003C0B5F502C0B4F501C0B3F500C07B
:109DE000B2F503C040F802C03FF801C03EF800C021
:109DF0003DF8ACC544F8ABC543F8AAC542F8A9C5BF
:109E000041F8D7EC28F003C0A8F502C0A7F501C0BF
:109E1000A6F500C0A5F5050E0501B36F9D0EE96E10
:109E2000B3C5EAFF7E0EEF5CB16FB1AF15D0000E87
:109E3000D880B155B46BB36FB3BFB407000127EC42
:109E400017F000C0A9F50150800A0501AA6F02C0F1
:109E5000ABF503C0ACF511D0B46BB1C5B3F5B3BF6E
:109E6000B407000127EC17F003C0ACF502C0ABF556
:109E700001C0AAF500C0A9F50501ACC53CF8ABC509
:109E80003BF8AAC53AF8A9C539F8180E0801406F81
:109E9000720E3F6F310E3E6F7E0E3D6F00018CECF7
:109EA00017F0D892A8C540F8A7C53FF8A6C53EF858
:109EB000A5C53DF803C044F802C043F801C042F80C
:109EC00000C041F886EC29F003C0A8F502C0A7F550
:109ED00001C0A6F500C0A5F506D00501A86BA76BCB
:109EE000A66BA56B0001A5C500F0A6C501F0A7C52E
:109EF00002F0A8C503F01200A0C53CF89FC53BF8CE
:109F00009EC53AF89DC539F83B0E0801406FAA0E70
:109F10003F6F380E3E6F7F0E3D6F00018CEC17F0E7
:109F200003C0C6F502C0C5F501C0C4F500C0C3F545
:109F300057EC3FF001C0ADF50501AE91A0C5A4F509
:109F40009FC5A3F59EC5A2F59DC5A1F5A0C5C6F503
:109F50009FC5C5F59EC5C4F59DC5C3F5CA6BC96B44
:109F6000C86BC76B00014FEC17F007E30501AE812A
:109F7000AD6DA251800AA26F00010501A86BA76B0D
:109F8000A66BA56B050EB06FA50EE96EB0C5EAFF16
:109F90007F0EAD25EF6EA4C53CF8A3C53BF8A2C566
:109FA0003AF8A1C539F83B0E0801406FAA0E3F6F81
:109FB000380E3E6F7F0E3D6F00018CEC17F003C032
:109FC000B2F502C0B1F501C0B0F500C0AFF50501B2
:109FD000B46BADC5B3F5B3BFB407000127EC17F000
:109FE000D882B2C540F8B1C53FF8B0C53EF8AFC59C
:109FF0003DF803C044F802C043F801C042F800C075
:10A0000041F886EC29F003C0A4F502C0A3F501C015
:10A01000A2F500C0A1F57C0E08013C6F880E3B6FD5
:10A02000590E3A6F720E396FA4C540F8A3C53FF8B8
:10A03000A2C53EF8A1C53DF800018CEC17F003C0A5
:10A04000B2F502C0B1F501C0B0F500C0AFF5D892CD
:10A0500003C040F802C03FF801C03EF800C03DF820
:10A06000E00E0801446F970E436F260E426F750E87
:10A07000416F000186EC29F003C0ACF502C0ABF5DE
:10A0800001C0AAF500C0A9F5ACC53CF8ABC53BF8CA
:10A09000AAC53AF8A9C539F8A4C540F8A3C53FF840
:10A0A000A2C53EF8A1C53DF88CEC17F003C0B2F58F
:10A0B00002C0B1F501C0B0F500C0AFF5D89203C041
:10A0C00040F802C03FF801C03EF800C03DF8C40EA1
:10A0D0000801446F1D0E436F1E0E426F780E416FD4
:10A0E000000186EC29F003C0ACF502C0ABF501C05D
:10A0F000AAF500C0A9F5ACC53CF8ABC53BF8AAC5AC
:10A100003AF8A9C539F8A4C540F8A3C53FF8A2C5D7
:10A110003EF8A1C53DF88CEC17F003C0B2F502C0C3
:10A12000B1F501C0B0F500C0AFF5D89203C040F85A
:10A1300002C03FF801C03EF800C03DF85E0E0801C5
:10A14000446F500E436F630E426F7A0E416F0001F1
:10A1500086EC29F003C0ACF502C0ABF501C0AAF54E
:10A1600000C0A9F5ACC53CF8ABC53BF8AAC53AF8A8
:10A17000A9C539F8A4C540F8A3C53FF8A2C53EF863
:10A18000A1C53DF88CEC17F003C0B2F502C0B1F5E3
:10A1900001C0B0F500C0AFF5D89203C040F802C0CE
:10A1A0003FF801C03EF800C03DF81A0E0801446FA8
:10A1B000FE0E436F750E426F7C0E416F000186EC00
:10A1C00029F003C0ACF502C0ABF501C0AAF500C090
:10A1D000A9F5ACC53CF8ABC53BF8AAC53AF8A9C58A
:10A1E00039F8A4C540F8A3C53FF8A2C53EF8A1C5FB
:10A1F0003DF88CEC17F003C0B2F502C0B1F501C018
:10A20000B0F500C0AFF5D89203C040F802C03FF8E7
:10A2100001C03EF800C03DF8180E0801446F720EF0
:10A22000436F310E426F7E0E416F000186EC29F0C4
:10A2300003C0ACF502C0ABF501C0AAF500C0A9F59A
:10A24000A4C53CF8A3C53BF8A2C53AF8A1C539F8A6
:10A25000ACC540F8ABC53FF8AAC53EF8A9C53DF866
:10A260008CEC17F0D8920801406B3F6B3E6B7F0E71
:10A270003D6F03C044F802C043F801C042F800C07B
:10A2800041F8000186EC29F0A8C53CF8A7C53BF8C9
:10A29000A6C53AF8A5C539F803C040F802C03FF892
:10A2A00001C03EF800C03DF88CEC17F003C0A8F5E3
:10A2B00002C0A7F501C0A6F500C0A5F50501AEA135
:10A2C0001AD00801406B3F6B3E6B7F0E3D6FA8C5F7
:10A2D00044F8A7C543F8A6C542F8A5C541F8000152
:10A2E000D7EC28F003C0A8F502C0A7F501C0A6F579
:10A2F00000C0A5F50501A5C500F0A6C501F0A7C5DC
:10A3000002F0A8C503F00001120094C5C6F593C57C
:10A31000C5F592C5C4F591C5C3F50501CA6BC96BF6
:10A32000C86BC76B00014FEC17F0D8A0D9D098C507
:10A330009CF597C59BF596C59AF595C599F50501C8
:10A34000A06B9F6B9E6B7F0E9D6F0001FDEC4CF030
:10A3500003C09CF502C09BF501C09AF500C099F5B9
:10A3600003C0C6F502C0C5F501C0C4F500C0C3F501
:10A370000501CA6BC96BC86BC76B00014FEC17F0C6
:10A38000D8A4AED098C59CF597C59BF596C59AF50F
:10A3900095C599F50501A06B9F6B9E6B800E9D6F17
:10A3A0000001FDEC4CF003C09CF502C09BF501C020
:10A3B0009AF500C099F503C0C6F502C0C5F501C005
:10A3C000C4F500C0C3F50501CA6BC96BC86BC76B88
:10A3D00000014FEC17F041E191C599F5050192514B
:10A3E000800A9A6F93C59BF594C59CF594C5A0F51A
:10A3F00093C59FF59E6F91C59DF50001B0EC4DF0A2
:10A4000003C09CF502C09BF501C09AF500C099F508
:10A4100003C03CF802C03BF801C03AF800C039F86C
:10A4200098C540F897C53FF896C53EF895C53DF8E4
:10A430008CEC17F003C09CF502C09BF501C09AF5A7
:10A4400000C099F503C0A0F502C09FF501C09EF5BC
:10A4500000C09DF551DDDDD042D091C599F50501D3
:10A460009251800A9A6F93C59BF594C59CF594C54B
:10A47000A0F593C59FF59E6F91C59DF50001B0ECC9
:10A480004DF003C09CF502C09BF501C09AF500C0D9
:10A4900099F503C03CF802C03BF801C03AF800C08F
:10A4A00039F898C540F897C53FF896C53EF895C568
:10A4B0003DF88CEC17F003C09CF502C09BF501C081
:10A4C0009AF500C099F503C0A0F502C09FF501C040
:10A4D0009EF500C09DF510DD800E011A9AD099D02E
:10A4E00094C5C6F593C5C5F592C5C4F591C5C3F528
:10A4F0000501CA6BC96BC86BC76B00014FEC17F045
:10A5000030E398C59CF597C59BF596C59AF595C51A
:10A5100099F50501A06B9F6B9E6B7F0E9D6F0001EF
:10A52000FDEC4CF003C09CF502C09BF501C09AF510
:10A5300000C099F503C0C6F502C0C5F501C0C4F559
:10A5400000C0C3F50501CA6BC96BC86BC76B0001BE
:10A550004FEC17F006E0006A016A026A036A59D0FC
:10A5600058D094C5C6F593C5C5F592C5C4F591C537
:10A57000C3F50501CA6BC96BC86BC76B00014FEC13
:10A5800017F012E198C5C6F597C5C5F596C5C4F58F
:10A5900095C5C3F50501CA6BC96BC86BC76B0001D4
:10A5A0004FEC17F001E235E194C5A0F593C59FF596
:10A5B00092C59EF591C59DF5B0EC4DF003C09CF59C
:10A5C00002C09BF501C09AF500C099F503C03CF8A4
:10A5D00002C03BF801C03AF800C039F898C540F80D
:10A5E00097C53FF896C53EF895C53DF88CEC17F039
:10A5F00003C09CF502C09BF501C09AF500C099F517
:10A6000003C0A0F502C09FF501C09EF500C09DF5F6
:10A6100073DC120094C5C6F593C5C5F592C5C4F5A3
:10A6200091C5C3F50501CA6BC96BC86BC76B000147
:10A630004FEC17F001E205E1006A016A026A036A61
:10A640007BD094C598F593C597F592C596F591C5BD
:10A6500095F5050E05019E6F950E9D6F9DC5E9FF51
:10A660009EC5EAFFEF50A26BA16F7F0EA127000EDF
:10A67000A223D890A231A1319EC5EAFF9DC5E9FF72
:10A68000EF6E98C59CF597C59BF596C59AF595C54F
:10A6900099F594C540F893C53FF892C53EF891C529
:10A6A0003DF898C544F897C543F896C542F895C556
:10A6B00041F80001D7EC28F0D89298C540F897C52A
:10A6C0003FF896C53EF895C53DF803C044F802C072
:10A6D00043F801C042F800C041F886EC29F003C0FD
:10A6E00098F502C097F501C096F500C095F50501F3
:10A6F0009DC5E9FF9EC5EAFFEF069CC5C6F59BC553
:10A70000C5F59AC5C4F599C5C3F598C5CAF597C5E9
:10A71000C9F596C5C8F595C5C7F500014FEC17F00A
:10A72000D8B402D00501ADD799C500F09AC501F0A3
:10A730009BC502F09CC503F012000501AF91AF93D9
:10A74000A2C5A6F5A1C5A5F5A0C5A4F59FC5A3F50D
:10A75000A2C5C6F5A1C5C5F5A0C5C4F59FC5C3F57D
:10A76000CA6BC96BC86BC76B00014FEC17F006E3EF
:10A770000501AF81A451800AA46F00010501C66BD9
:10A78000C56BC46B7F0EC36FA6C5CAF5A5C5C9F559
:10A79000A4C5C8F5A3C5C7F500014FEC17F01CE32D
:10A7A0000801406B3F6B3E6B7F0E3D6FA6C544F8C2
:10A7B000A5C543F8A4C542F8A3C541F80001D7ECEC
:10A7C00028F003C0A6F502C0A5F501C0A4F500C09D
:10A7D000A3F50501AF8300010A0E08013C6F890E45
:10A7E0003B6F340E3A6F7C0E396FA6C540F8A5C595
:10A7F0003FF8A4C53EF8A3C53DF800018CEC17F066
:10A8000003C0B3F502C0B2F501C0B1F500C0B0F5A8
:10A8100003C03CF802C03BF801C03AF800C039F868
:10A82000A6C540F8A5C53FF8A4C53EF8A3C53DF8A8
:10A830008CEC17F003C0B3F502C0B2F501C0B1F55E
:10A8400000C0B0F5D89203C040F802C03FF801C084
:10A850003EF800C03DF87C0E0801446F790E436F4E
:10A86000350E426F810E416F000186EC29F003C066
:10A87000AAF502C0A9F501C0A8F500C0A7F5AAC5B0
:10A880003CF8A9C53BF8A8C53AF8A7C539F8A6C54C
:10A8900040F8A5C53FF8A4C53EF8A3C53DF88CEC2B
:10A8A00017F003C0B3F502C0B2F501C0B1F500C0A6
:10A8B000B0F503C03CF802C03BF801C03AF800C054
:10A8C00039F8A6C540F8A5C53FF8A4C53EF8A3C50C
:10A8D0003DF88CEC17F003C0B3F502C0B2F501C02F
:10A8E000B1F500C0B0F5D89203C040F802C03FF8FF
:10A8F00001C03EF800C03DF83F0E0801446F020E53
:10A90000436F330E426F830E416F000186EC29F0D6
:10A9100003C0AAF502C0A9F501C0A8F500C0A7F5BB
:10A92000AAC53CF8A9C53BF8A8C53AF8A7C539F8A7
:10A93000A6C540F8A5C53FF8A4C53EF8A3C53DF897
:10A940008CEC17F003C0B3F502C0B2F501C0B1F54D
:10A9500000C0B0F503C03CF802C03BF801C03AF8B3
:10A9600000C039F8A6C540F8A5C53FF8A4C53EF813
:10A97000A3C53DF88CEC17F003C0B3F502C0B2F5E7
:10A9800001C0B1F500C0B0F5D89203C040F802C0D4
:10A990003FF801C03EF800C03DF8330E0801446F97
:10A9A0008C0E436F1E0E426F830E416F000186ECCA
:10A9B00029F003C0AAF502C0A9F501C0A8F500C09E
:10A9C000A7F508013C6B3B6B3A6B7F0E396FA6C550
:10A9D00040F8A5C53FF8A4C53EF8A3C53DF8000161
:10A9E0008CEC17F003C0B3F502C0B2F501C0B1F5AD
:10A9F00000C0B0F503C03CF802C03BF801C03AF813
:10AA000000C039F8A6C540F8A5C53FF8A4C53EF872
:10AA1000A3C53DF88CEC17F003C0B3F502C0B2F546
:10AA200001C0B1F500C0B0F5D89203C040F802C033
:10AA30003FF801C03EF800C03DF81B0E0801446F0E
:10AA4000E40E436F350E426F820E416F000186ECBB
:10AA500029F003C0AEF502C0ADF501C0ACF500C0F1
:10AA6000ABF5AEC53CF8ADC53BF8ACC53AF8ABC5E7
:10AA700039F8A6C540F8A5C53FF8A4C53EF8A3C55A
:10AA80003DF88CEC17F003C0B3F502C0B2F501C07D
:10AA9000B1F500C0B0F503C03CF802C03BF801C0FE
:10AAA0003AF800C039F8A6C540F8A5C53FF8A4C5D6
:10AAB0003EF8A3C53DF88CEC17F003C0B3F502C017
:10AAC000B2F501C0B1F500C0B0F5D89203C040F8AE
:10AAD00002C03FF801C03EF800C03DF8A40E0801D6
:10AAE000446FDB0E436F670E426F830E416F0001B0
:10AAF00086EC29F003C0AEF502C0ADF501C0ACF59F
:10AB000000C0ABF5AEC53CF8ADC53BF8ACC53AF8F6
:10AB1000ABC539F8A6C540F8A5C53FF8A4C53EF8B1
:10AB2000A3C53DF88CEC17F003C0B3F502C0B2F535
:10AB300001C0B1F500C0B0F503C03CF802C03BF85D
:10AB400001C03AF800C039F8A6C540F8A5C53FF8DD
:10AB5000A4C53EF8A3C53DF88CEC17F003C0B3F5CF
:10AB600002C0B2F501C0B1F500C0B0F5D89203C083
:10AB700040F802C03FF801C03EF800C03DF8330E77
:10AB80000801446F8C0E436F1E0E426F830E416F9F
:10AB9000000186EC29F003C0AEF502C0ADF501C09E
:10ABA000ACF500C0ABF5A6C53CF8A5C53BF8A4C5FF
:10ABB0003AF8A3C539F8AAC540F8A9C53FF8A8C511
:10ABC0003EF8A7C53DF88CEC17F003C0B3F502C002
:10ABD000B2F501C0B1F500C0B0F503C040F802C045
:10ABE0003FF801C03EF800C03DF8AEC544F8ADC521
:10ABF00043F8ACC542F8ABC541F8D7EC28F003C028
:10AC0000AAF502C0A9F501C0A8F500C0A7F5050185
:10AC1000AFA31ED0D882DB0E0801406F0F0E3F6F2E
:10AC2000490E3E6F7F0E3D6FAAC544F8A9C543F893
:10AC3000A8C542F8A7C541F8000186EC29F003C079
:10AC4000AAF502C0A9F501C0A8F500C0A7F5050145
:10AC5000AFA103D0A851800AA86FA7C500F0A8C56E
:10AC600001F0A9C502F0AAC503F000011200050118
:10AC70009D919E6B94C5C6F593C5C5F592C5C4F567
:10AC800091C5C3F5CA6BC96BC86BC76B00014FECAC
:10AC900017F001E216E198C5C6F597C5C5F596C54A
:10ACA000C4F595C5C3F50501CA6BC96BC86BC76B05
:10ACB00000014FEC17F001E202E1030E01D0040E97
:10ACC00014D098C5C6F597C5C5F596C5C4F595C504
:10ACD000C3F50501CA6BC96BC86BC76B00014FECAC
:10ACE00017F002E3020E01D0010E05019E6F94C51C
:10ACF000C6F593C5C5F592C5C4F591C5C3F5CA6B34
:10AD0000C96BC86BC76B00014FEC17F006E3050178
:10AD10009D819251800A926F000198C5C6F597C532
:10AD2000C5F596C5C4F595C5C3F50501CA6BC96BD4
:10AD3000C86BC76B00014FEC17F005E30501965196
:10AD4000800A966F000198C5C6F597C5C5F596C5EA
:10AD5000C4F595C5C3F50501CA6BC96BC86BC76B54
:10AD600000014FEC17F02AE194C5C6F593C5C5F56F
:10AD700092C5C4F591C5C3F50501CA6BC96BC86B13
:10AD8000C76B00014FEC17F001E117D005019DA141
:10AD90000AD07F0E006EC90E016E0F0E026EDB0E22
:10ADA000036EA9D009D07F0E006E490E016E0F0E02
:10ADB000026EDB0E036E9FD000019CD094C540F85C
:10ADC00093C53FF892C53EF891C53DF898C544F843
:10ADD00097C543F896C542F895C541F8D7EC28F0D9
:10ADE00003C09CF502C09BF501C09AF500C099F51F
:10ADF000010E05019E5DFC0FD8B07DD0040F00014F
:10AE00007EEF57F09CC5A2F59BC5A1F59AC5A0F5AC
:10AE100099C59FF592DC05016ED06DD000019CC5EF
:10AE2000A2F59BC5A1F59AC5A0F599C59FF585DC4E
:10AE3000EACFA0F5E9CF9FF5D882DB0E0801406F7D
:10AE40000F0E3F6F490E3E6F800E3D6F03C044F8FA
:10AE500002C043F801C042F800C041F8000186EC8E
:10AE600029F0A0C5EAFF9FC5E9FF050144D043D002
:10AE700000019CC5A2F59BC5A1F59AC5A0F599C591
:10AE80009FF55BDC03C0A2F502C0A1F501C0A0F5EF
:10AE900000C09FF5EACFA4F5E9CFA3F5D88203C09F
:10AEA00040F802C03FF801C03EF800C03DF8DB0E9C
:10AEB0000801446F0F0E436F490E426F800E416FC1
:10AEC000000186EC29F0A4C5EAFFA3C5E9FF05014E
:10AED00012D011D000019CC5A2F59BC5A1F59AC561
:10AEE000A0F599C59FF529DC800E011A050103D054
:10AEF00002D000010501000154EF59F0F2CF0DF02E
:10AF0000F29EE824F76AF736210FF66EAF0EF722AD
:10AF10000A00F550FA6E0800F5500DBEF28EF96E7B
:10AF200004AE1EAE72AED6AE68C588F567C587F5AD
:10AF300066C586F565C585F513EC49F003C068F56F
:10AF400002C067F501C066F500C065F56CC588F5FF
:10AF50006BC587F56AC586F569C585F513EC49F0BB
:10AF600003C06CF502C06BF501C06AF500C069F55D
:10AF700070C588F56FC587F56EC586F56DC585F515
:10AF800013EC49F003C070F502C06FF501C06EF517
:10AF900000C06DF574C588F573C587F572C586F573
:10AFA00071C585F513EC49F003C074F502C073F563
:10AFB00001C072F500C071F5D88270C540F86FC548
:10AFC0003FF86EC53EF86DC53DF868C544F867C5E5
:10AFD00043F866C542F865C541F886EC29F003C020
:10AFE00078F502C077F501C076F500C075F5D88216
:10AFF00074C540F873C53FF872C53EF871C53DF899
:10B000006CC544F86BC543F86AC542F869C541F898
:10B0100086EC29F003C07CF502C07BF501C07AF50F
:10B0200000C079F578C540F877C53FF876C53EF899
:10B0300075C53DF80801446B436B426B800E416F50
:10B040000001D7EC28F003C088F502C087F501C0E5
:10B0500086F500C085F503C094F502C093F501C0E4
:10B0600092F500C091F5FBEC4AF003C088F502C0F0
:10B0700087F501C086F500C085F503C094F502C0D0
:10B0800093F501C092F500C091F50501986B976B9F
:10B09000966B800E956F000185EC51F003C088F52A
:10B0A00002C087F501C086F500C085F568C59CF52E
:10B0B00067C59BF566C59AF565C599F528EC49F015
:10B0C00003C08CF502C08BF501C08AF500C089F57C
:10B0D00070C59CF56FC59BF56EC59AF56DC599F564
:10B0E00028EC49F08CC53CF88BC53BF88AC53AF88A
:10B0F00089C539F803C040F802C03FF801C03EF8E6
:10B1000000C03DF88CEC17F003C08CF502C08BF545
:10B1100001C08AF500C089F57CC540F87BC53FF8C1
:10B120007AC53EF879C53DF80801446B436B426B24
:10B13000800E416F0001D7EC28F003C090F502C0EB
:10B140008FF501C08EF500C08DF503C094F502C0E7
:10B1500093F501C092F500C091F5FBEC4AF003C0F5
:10B1600090F502C08FF501C08EF500C08DF503C0CB
:10B1700094F502C093F501C092F500C091F5050168
:10B18000986B976B966B800E956F000185EC51F074
:10B190008CC53CF88BC53BF88AC53AF889C539F8A7
:10B1A00003C040F802C03FF801C03EF800C03DF8BF
:10B1B0008CEC17F0EACF8AF5E9CF89F5D89288C5EB
:10B1C00040F887C53FF886C53EF885C53DF803C001
:10B1D00044F802C043F801C042F800C041F886ECD0
:10B1E00029F08AC5EAFF89C5E9FF03C080F502C0DE
:10B1F0007FF501C07EF500C07DF580C594F57FC563
:10B2000093F57EC592F57DC591F50AEC53F003C028
:10B2100088F502C087F501C086F500C085F5EACF44
:10B220008CF5E9CF8BF5D8820801406B3F6B3E6B04
:10B230007F0E3D6F80C544F87FC543F87EC542F858
:10B240007DC541F8000186EC29F08CC5EAFF8BC56D
:10B25000E9FF03C090F502C08FF501C08EF500C074
:10B260008DF503C094F502C093F501C092F500C0BE
:10B2700091F50AEC53F003C090F502C08FF501C0C0
:10B280008EF500C08DF588C594F587C593F586C504
:10B2900092F585C591F503C098F502C097F501C0F8
:10B2A00096F500C095F5E3D408013C6B3B6B3A6B17
:10B2B000800E396F03C040F802C03FF801C03EF86D
:10B2C00000C03DF800018CEC17F003C084F502C00B
:10B2D00083F501C082F500C081F508013C6B180EB2
:10B2E0003B6F470E3A6F8B0E396F84C540F883C5AC
:10B2F0003FF882C53EF881C53DF800018CEC17F09F
:10B300001200D88270C540F86FC53FF86EC53EF890
:10B310006DC53DF874C544F873C543F872C542F86D
:10B3200071C541F886EC29F003C07CF502C07BF5BD
:10B3300001C07AF500C079F501C001F0019E03C09B
:10B3400078F502C077F501C076F500C075F5050106
:10B35000C66BC56B340EC46F860EC36F78C5CAF555
:10B3600077C5C9F576C5C8F575C5C7F500014FECB9
:10B3700017F01BE3D8820801406B3F6B340E3E6F21
:10B38000870E3D6F78C544F877C543F876C542F817
:10B3900075C541F8000186EC29F003C078F502C0BC
:10B3A00077F501C076F500C075F575C500F076C576
:10B3B00001F077C502F078C503F01200938A81AAE4
:10B3C00004D0310E846F8E8304D0300E846F8E9340
:10B3D0008F6BA3EF77F0938481B405D0010E020147
:10B3E000196F03D000010201196B0001A7EF77F07C
:10B3F000928880B808D0020103AD02D0000103D0CA
:10B40000038D0FD00001928880A80BD0020103BDEC
:10B4100002D0000106D003BF02D0000102D0039F7A
:10B42000039D0001A9EF77F0050E04016B6F650E17
:10B430006A6F500EF66E220EF76E220E08012A6F0A
:10B44000000137EC15F083C137F826EC15F0890EB2
:10B45000E96EDCC12DF8DBC12CF8DAC12BF8D9C1BB
:10B460002AF8060E08012E6F0001EBEC26F02C0ED8
:10B470000801376F000126EC15F099C137F826EC6A
:10B4800015F0890EE96EE0C12DF8DFC12CF8DEC1A0
:10B490002BF8DDC12AF8060E08012E6F0001EBEC37
:10B4A00026F0050E0801B66F000154EC12F0010EF3
:10B4B0000801336F060E326F050E356F650E346F5F
:10B4C0000001A9EC25F0020E0501A16FFA0E08019A
:10B4D000B66F000154EC12F00501A12FF7D700015F
:10B4E000D8EF77F0EACFA2F5E9CFA1F505019BAF40
:10B4F00008D0A18FA1A9A12B9A1F9B1F9A2BD8B46A
:10B500009B2B9B39F0099D6F9D27E20F9E6F320F99
:10B51000A06F9B510F0B9E279E27A027E90F9F6FBF
:10B520009F279F279A390F0B9F27A0279F37A03768
:10B53000A01FA0379A510F0BA0279D37070E9C6FB5
:10B540000A0E9F07A027FDE39E079F27FDE39D07A7
:10B550009E27FDE39C079D27FDE3050EEA6E9C0EEA
:10B56000E96E070EA115A19DED52A11507E1A1B944
:10B57000EE52A1B903D0200E006E21D0E926000EB4
:10B58000EA22E950A00804E1EA50050801E1A18D92
:10B59000EF50006E08E1A1BD06D0A1B914D0A1B74B
:10B5A00002D0200E0BD0A1AF06D02D0E006EED50B4
:10B5B000A19DA19F04D0A187A199300E0026005023
:10B5C000A4A8FED7736EEE50A1ADDBD70001120028
:10B5D00001509AC530F8640E0801316F000144EC47
:10B5E00028F000C09AF50150300E08E105019BA338
:10B5F0000ED09BB70CD09BB9200E04D005019B97B1
:10B600009B999B8101260150A4A8FED7736E9AC511
:10B6100030F80A0E0801316F000144EC28F000C038
:10B620009AF50150300E08E105019BB70BD09BA1A4
:10B6300009D09BB9200E000101260150A4A8FED715
:10B64000736E0501300E9A279A51A4A8FED7736E27
:10B65000000112009EC5A7F59FC5A8F50501A96BBD
:10B660009BAF02D0A78DA8079B8F9A51D8B4ABD0BF
:10B670007F0E9A5D61E39A6FAA6B040EAB6FD89050
:10B680009D379C379B37A937AB2FF9D7040E9A5DAE
:10B6900008E2030E9A5DD8A48CD00A0EA95DD8A04A
:10B6A00088D0030E9A5FAA2B000137D9D8900501E4
:10B6B0009D379C379B37A937000114D9020E05012D
:10B6C000AB6FD890A9339B339C339D33AB2FF9D705
:10B6D000000123D9040E0501AB6FD8909E339F3330
:10B6E000A033A133AB2FF9D70001FCD816D9A0C5E0
:10B6F000A1F59FC5A0F59EC59FF505019E6B0001B4
:10B70000F1D80BD99FC5A1F59EC5A0F505019E6B8B
:10B710009F6B0001E7D80501A9B7B8D79A5305E197
:10B720009D2B9C2B9B2BA92B44D0D8909D379C37CD
:10B730009B37A9379A07AAD79A1F9A2B7F0E9A2769
:10B74000AA6B040EAB6FD8909D379C379B37A937F7
:10B75000AB2FF9D7040E9A27050E9A5D36E3000148
:10B76000DCD8D89005019D379C379B37A937D890F6
:10B770009D379C379B37A9370001B4D8D890050175
:10B780009D379C379B37A937AA2B030EAB6FD890F8
:10B79000A9339B339C339D33AB2FF9D7030E9A5FAC
:10B7A000A9A9DAD7D890A9339B339C339D339A0744
:10B7B000D3D79A1F9A2B030E9A27AA29A85FD8A03D
:10B7C000A86B010E03D0020E01D0000EA36FA7BF1D
:10B7D0000AD0A8BF08D0A85306E0200EA4A8FED720
:10B7E000736EA82FFAD7A7AD04D02D0EA4A8FED74C
:10B7F000736EA7AF0AD0A8BF08D0A85306E0300EDA
:10B80000A4A8FED7736EA82FF8D7A79FA79DA3A1C2
:10B8100007D0AAC5A3F5AAC5A5F5A729A52727D0AE
:10B82000A3A302D0A729AA6FA7535BE02E0EA4A85A
:10B83000FED7736EAAC5A6F5A607A751A65D02E3BB
:10B84000A7C5A6F5A65306E0300EA4A8FED7736ED2
:10B85000A62FFAD7AAC5ABF5A729AB5FD8B067D09A
:10B860009A07A729A56FAA51A55FA5C5A3F5A9C5E4
:10B87000A2F59A5105E0A46FD890A233A42FFCD76B
:10B88000A5512FE0300EA225A4A8FED7736EA351B8
:10B8900006E1A75326E02E0EA4A8FED7736EA307D9
:10B8A000A5071FE09A5105E0A46FD890A237A42FF6
:10B8B000FCD7A251A95F000130D8D89005019D376F
:10B8C0009C379B37A937D8909D379C379B37A93732
:10B8D000000108D8D89005019D379C379B37A937C0
:10B8E000C6D725D000010501A1519D2707E39C2B58
:10B8F0009C5304E19B2B9B5301E1A92BA0519C2756
:10B9000004E39B2B9B5301E1A92B9F519B27D8B0AC
:10B91000A92B9E51A9270001000CA9C59EF59BC526
:10B920009FF59CC5A0F59DC5A1F5000C0501000182
:10B930001200200E05019BA9300E9C6F9AC500F0E5
:10B940009AAF08D0001E002A00C09AF52D0E9C6FF9
:10B950009B8F9B8101509AC530F8640E0801316FAE
:10B96000000144EC28F000C09AF5300E01240501D6
:10B970009D6F9AC530F80A0E0801316F000144EC42
:10B9800028F0300E002405019F6F300E01249E6FB9
:10B990009CC500F0300E9D5D04E09B839BBF9B85A2
:10B9A00012D09BB510D09CC59DF59BB304D0300E32
:10B9B0009E5D04E09B819BBF9B8305D0D8A49B81A7
:10B9C000D8B49DC59EF59BB505D09BB307D09BB160
:10B9D00009D00CD09C51A4A8FED7736E9D51A4A889
:10B9E000FED7736E9E51A4A8FED7736E9F51A4A874
:10B9F000FED7736E00017AEF5EF09C0EF66E220E9B
:10BA0000F76E0E0E08012A6F00010EEC24F0EA6AB0
:10BA1000980EE96E96EC25F0AC0EF66E220EF76EDF
:10BA20000A0E08012A6F00010EEC24F0010EEA6EE6
:10BA30004B0EE96E96EC25F0B80EF66E220EF76E00
:10BA40000F0E08012A6F00010EEC24F00A0EE96EB9
:10BA50000DC29BF50CC29AF545DD2D0EA4A8FED7AC
:10BA6000736E0AC29AF5010E05019B6F0001B0DDED
:10BA70002D0EA4A8FED7736E0BC29AF5010E050118
:10BA80009B6F0001A5DD200EA4A8FED7736E07C230
:10BA90009AF5010E05019B6F00019ADD3A0EA4A8EC
:10BAA000FED7736E08C29AF5010E05019B6F000167
:10BAB0008FDD3A0EA4A8FED7736E09C29AF5010E67
:10BAC00005019B6F000184DDE60EF66E220EF76E17
:10BAD000260E08012A6F00010EEC24F099C5C6F568
:10BAE000180E0501C76F0001F0EC41F00E0EF66E66
:10BAF000230EF76E0F0E08012A6F00010EEC24F0E2
:10BB0000DCC19DF5DBC19CF5DAC19BF5D9C19AF585
:10BB10000501A16BA06B030E9F6F870E9E6F000146
:10BB200099DD250EF66E230EF76E100E08012A6FB2
:10BB300000010EEC24F0E0C19DF5DFC19CF5DEC1F3
:10BB40009BF5DDC19AF50501A16BA06B040E9F6FFB
:10BB5000870E9E6F00017EDD3C0EF66E230EF76EA3
:10BB60000C0E08012A6F00010EEC24F00B0EE96E9A
:10BB700060C19BF55FC19AF5B5DC4D0EF66E230EE4
:10BB8000F76E0D0E08012A6F00010EEC24F00B0E6B
:10BB9000E96E00C29BF5FFC19AF5A4DC5F0EF66E5C
:10BBA000230EF76E0F0E08012A6F00010EEC24F031
:10BBB0000401525309E1700EF66E230EF76E000178
:10BBC000C3EC15F008D00401760EF66E230EF76E66
:10BBD0000001C3EC15F07C0EF66E230EF76EC3EC7D
:10BBE00015F00401525309E1920EF66E230EF76E22
:10BBF0000001C3EC15F016D00401522D09D09A0EA5
:10BC0000F66E230EF76E0001C3EC15F00BD00401A5
:10BC10005251020808E1A20EF66E230EF76E0001E3
:10BC2000C3EC15F00401A80EF66E230EF76E150E88
:10BC300008012A6F00010EEC24F0EA6A830EE96E17
:10BC400096EC25F0C00EF66E230EF76E140E08016A
:10BC50002A6F00010EEC24F0010EEA6E300EE96E40
:10BC600096EC25F02C0EA4A8FED7736E010EEA6E9A
:10BC70002C0EE96E96EC25F02C0EA4A8FED7736E60
:10BC80000B0EE96E64C49BF563C49AF52BDCDF0EE2
:10BC9000F66E230EF76E140E08012A6F00010EECEB
:10BCA00024F00B0EE96E1EC29BF51DC29AF51ADC3C
:10BCB000F80EF66E230EF76E170E08012A6F0001BC
:10BCC0000EEC24F00B0EE96E1CC29BF51BC29AF51C
:10BCD00009DC140EF66E240EF76E120E08012A6FA0
:10BCE00000010EEC24F01FC29AF5030E05019B6FB4
:10BCF00000011FD62A0EF66E240EF76E150E0801EF
:10BD00002A6F00010EEC24F00501992D10D00201DC
:10BD10002351A4A8FED7736E0B0EE96E22C29BF5C9
:10BD200021C29AF5000172EC5AF012D00501995126
:10BD300002080FE102012651A4A8FED7736E0B0E74
:10BD4000E96E25C29BF524C29AF5000172EC5AF007
:10BD50000501220EA4A8FED7736E7D0EA4A8FED7FF
:10BD6000736E00011200B60E006E036A026A016A69
:10BD700005019B519C119D119E1102E1006A0DD09D
:10BD8000D89001BE09D09B379C379D379E3703362C
:10BD900002360136002EF4D7019E00011200050183
:10BDA000746B736B726B716B786B776B766B756B97
:10BDB0007C6B7B6B7A6B796B806B7F6B7E6B7D6B47
:10BDC000826B816B41C474F540C473F53FC472F556
:10BDD0003EC471F574510401455DD8A0A6D016E1AA
:10BDE000050173510401445DD8A09FD00FE1050106
:10BDF00072510401435DD8A098D008E14251050179
:10BE0000715DD8A002D0040190D0040174C52DF852
:10BE100073C52CF872C52BF871C52AF80001E1EC46
:10BE200012F001C083F50400050E006E002EFED74F
:10BE300000D0000004013E510501715D756F0401E1
:10BE40003F5105017259766F040140510501735944
:10BE5000776F0401415105017459786F040000D0D7
:10BE60000000270E7525E96E020E7621EA6E83C565
:10BE7000EFFF04013E510501715D996F04013F51CF
:10BE8000050172599A6F04014051050173599B6F66
:10BE900004014151050174599C6FD882050EEA6E68
:10BEA0009D0EE96E9CC53AF89BC539F89AC538F8DD
:10BEB00099C537F808013E6B3D6B3C6B1A0E3B6F22
:10BEC0000001A1EC26F0A0C59CF59FC59BF59EC581
:10BED0009AF59DC599F5050199531DE19A531BE10A
:10BEE0009B5319E19C5317E18351230814E1812BE3
:10BEF000D8B4822B040000D00000815115080BE15A
:10BF0000825309E1826B140E816F040000D000009F
:10BF100004010BD00501010E7127D8B0722BD8B4E3
:10BF2000732BD8B4742B56D7040174C57CF573C534
:10BF30007BF572C57AF571C579F5040000D0000073
:10BF400082C52BF881C52AF808012D6B1A0E2C6FBB
:10BF50000001F9EC16F00501786B776B02C076F5FD
:10BF600001C075F502012751230847E10501746BF3
:10BF7000736B726B190E716F7451785D3DE30BE159
:10BF80007351775D39E307E17251765D35E303E183
:10BF90007551715D31E2270E7125E96E020E722135
:10BFA000EA6EEF50020811E1910E02010625016EC2
:10BFB000010E036ED8B0032A015005017D270350FE
:10BFC0007E23000E7F23802310D0940E02010625CD
:10BFD000016E010E036ED8B0032A015005017D27C2
:10BFE00003507E23000E7F2380231A0E7127000E3C
:10BFF000722373237423C0D7020105017D5308E126
:10C000007E5306E17F5304E1805302E1ACEF64F01C
:10C01000846B84510108D8A0ACEF64F0996B80C5A3
:10C020009DF57FC59CF57EC59BF57DC59AF5000104
:10C03000ECEC44F0040000D000000501746B736B5D
:10C04000726B716B7451785DD8A061D30EE173513E
:10C05000775DD8A05CD309E17251765DD8A057D343
:10C0600004E17551715DD8B052D3270E7125E96E88
:10C07000020E7221EA6EEF502308D8A409D3020EF3
:10C080007125996F000E72219A6F000E7321000EB8
:10C090007421270E9925E96E020E9A21EA6E02019B
:10C0A0000D6BEFCF0CF20CC20DF20C6B010E050103
:10C0B0007125996F000E72219A6F000E7321000E88
:10C0C0007421270E9925E96E020E9A21EA6EEF502F
:10C0D00002010C13030E05017125996F000E7221E8
:10C0E0009A6F000E7321000E7421270E9925E96EB8
:10C0F000020E9A21EA6EEFCF0AF2040E7125996FB3
:10C10000000E72219A6F000E7321000E7421270E0B
:10C110009925E96E020E9A21EA6EEFCF0BF2050E19
:10C120007125996F000E72219A6F000E7321000E17
:10C130007421270E9925E96E020E9A21EA6EEFCF3F
:10C1400007F2060E7125996F000E72219A6F000E8C
:10C150007321000E7421270E9925E96E020E9A2193
:10C16000EA6EEFCF08F2070E7125996F000E72216B
:10C170009A6F000E7321000E7421270E9925E96E27
:10C18000020E9A21EA6EEFCF09F2090E7125996F1E
:10C19000000E72219A6F000E7321000E7421270E7B
:10C1A0009925E96E020E9A21EA6E686B676B666BE1
:10C1B000EFCF65F50A0E7125996F000E72219A6F07
:10C1C000000E7321000E7421270E9925E96E020ED0
:10C1D0009A21EA6EEFCF9DF59DC56AF5696B6B6B91
:10C1E0006C6B0B0E7125996F000E72219A6F000E09
:10C1F0007321000E7421270E9925E96E020E9A21F3
:10C20000EA6EEFCF9DF59DC56FF56D6B6E6B706B34
:10C2100065516911996F66516A119A6F67516B1177
:10C220009B6F68516C119C6F99516D11006E9A5102
:10C230006E11016E9B516F11026E9C517011036E55
:10C240009E6F02C09DF501C09CF500C09BF50001EA
:10C250008ADD03C0DCF102C0DBF101C0DAF100C00D
:10C26000D9F1DCC140F8DBC13FF8DAC13EF8D9C1F1
:10C270003DF8800E0801446F960E436F180E426F12
:10C28000960E416F0001D7EC28F003C0DCF102C02C
:10C29000DBF101C0DAF100C0D9F1080E050171250A
:10C2A000996F000E72219A6F000E73219B6F000E22
:10C2B00074219C6F270E9925E96E020E9A21EA6E71
:10C2C000EF5008013E6B3D6F0001BCEC28F0EACF57
:10C2D0009EF5E9CF9DF5D892DCC140F8DBC13FF86F
:10C2E000DAC13EF8D9C13DF803C044F802C043F8B2
:10C2F00001C042F800C041F886EC29F09EC5EAFF73
:10C300009DC5E9FF03C0DCF102C0DBF101C0DAF139
:10C3100000C0D9F10D0E05017125996F000E722133
:10C320009A6F000E7321000E7421270E9925E96E75
:10C33000020E9A21EA6E686B676B666BEFCF65F54C
:10C340000E0E7125996F000E72219A6F000E7321E7
:10C35000000E7421270E9925E96E020E9A21EA6ECD
:10C36000EFCF9DF59DC56AF5696B6B6B6C6B0F0E1E
:10C370007125996F000E72219A6F000E7321000EC5
:10C380007421270E9925E96E020E9A21EA6EEFCFED
:10C390009DF59DC56FF56D6B6E6B706B6551691189
:10C3A000996F66516A119A6F67516B119B6F685153
:10C3B0006C119C6F99516D11006E9A516E11016E46
:10C3C0009B516F11026E9C517011036E9E6F02C0E3
:10C3D0009DF501C09CF500C09BF50001C4DC03C0C5
:10C3E000E0F102C0DFF101C0DEF100C0DDF1E0C12B
:10C3F00040F8DFC13FF8DEC13EF8DDC13DF8800EF8
:10C400000801446F960E436F180E426F960E416FEF
:10C410000001D7EC28F003C0E0F102C0DFF101C059
:10C42000DEF100C0DDF10C0E05017125996F000EE3
:10C4300072219A6F000E73219B6F000E74219C6F06
:10C44000270E9925E96E020E9A21EA6EEF50080137
:10C450003E6B3D6F0001BCEC28F0EACF9EF5E9CFC2
:10C460009DF5D892E0C140F8DFC13FF8DEC13EF84B
:10C47000DDC13DF803C044F802C043F801C042F8F2
:10C4800000C041F886EC29F09EC5EAFF9DC5E9FF92
:10C4900003C0E0F102C0DFF101C0DEF100C0DDF158
:10C4A000100E05017125996F000E72219A6F000E12
:10C4B0007321000E7421270E9925E96E020E9A2130
:10C4C000EA6E0101606BEFCF5FF1110E050171257E
:10C4D000996F000E72219A6F000E7321000E742165
:10C4E000270E9925E96E020E9A21EA6EEFCF9DF58F
:10C4F000120E71259E6F000E72219F6F000E732128
:10C50000000E7421270E9E25E96E020E9F21EA6E11
:10C51000000E9D110101FF6F0201006B130E05015A
:10C520007125996F000E72219A6F000E7321000E13
:10C530007421270E9925E96E020E9A21EA6EEFCF3B
:10C540001FF2140E7125996F000E72219A6F000E62
:10C550007321000E7421270E9925E96E020E9A218F
:10C56000EA6EEFCF9DF5150E71259E6F000E7221BC
:10C570009F6F000E7321000E7421270E9E25E96E19
:10C58000020E9F21EA6E000E9D1100018E6F8F6BCF
:10C59000160E05017125996F000E72219A6F000E1B
:10C5A0007321000E7421270E9925E96E020E9A213F
:10C5B000EA6EEFCF26F2180E7125996F000E7221E8
:10C5C0009A6F000E7321000E7421270E9925E96ED3
:10C5D000020E9A21EA6E0201256BEFCF24F224C2EB
:10C5E00025F2246B170E05017125996F000E72213B
:10C5F0009A6F000E7321000E7421270E9925E96EA3
:10C60000020E9A21EA6EEF5002012413190E050161
:10C610007125996F000E72219A6F000E7321000E22
:10C620007421270E9925E96E020E9A21EA6EEFCF4A
:10C6300052F4856B855109081BE3036A8551830F0A
:10C64000E96E000E0320EA6E8FC09CF58EC09BF54C
:10C650008551006E05E0D8909C339B33002EFBD7AC
:10C66000010E9B179C6B300E9B25EF6E852BE2D73E
:10C6700000018D6B040000D00000020E0501996FCF
:10C680000001FDEC5CF0040000D0000038D0050192
:10C69000270E7125E96E020E7221EA6EEFCF99F531
:10C6A000400EF66E240EF76E0A0E08012A6F000186
:10C6B0000EEC24F0410EE96E74C5A3F573C5A2F526
:10C6C00072C5A1F571C5A0F562EC44F04D0EF66E91
:10C6D000240EF76E030E08012A6F00010EEC24F001
:10C6E00005019951A4A8FED7736E0D0EA4A8FED71C
:10C6F000736E0A0EA4A8FED7736E09D000011A0E3D
:10C7000005017127000E7223732374239BD40D0E31
:10C71000A4A8FED7736E0A0EA4A8FED7736E845326
:10C72000D8A410D1050EEA6E860EE96EF2CF99F507
:10C73000F29E130E016EF76A000E0001EFEC0CF092
:10C740000A000900F5CFEEFF012EFBD7050199BFC6
:10C75000F28E050E08013E6F860E3D6F3A0E406F59
:10C76000980E3F6F0001B3EC1DF00152D8B4E3D036
:10C7700004014E8705017C510401455D5BE314E132
:10C7800005017B510401445D55E30EE105017A5139
:10C790000401435D4FE308E142510501795DD8A0F2
:10C7A00002D0040147D00401560EF66E240EF76E37
:10C7B0000001C3EC15F05C0EF66E240EF76EC3ECB0
:10C7C00015F07CC541F47BC540F47AC53FF479C5CA
:10C7D0003EF43FC49AF540C49BF541C49CF5050165
:10C7E0009D6B9B6B9C6B9D6B0801386B376B010ECF
:10C7F000366F9B0E356F3FC439F8000169EC13F0BA
:10C80000040000D000003EC499F505019A6B9B6BB3
:10C810009C6B0801386B376B010E366F9C0E356FC1
:10C820003EC439F8000169EC13F0040000D00000A8
:10C8300081D00401620EF66E240EF76E0001C3EC87
:10C8400015F00801386B376B010E366F9A0E356F95
:10C85000396B000169EC13F0040000D00000040102
:10C86000416B406B010E3F6F9F0E3E6F456B446BFB
:10C87000010E436F9F0E426F43C49AF544C49BF56B
:10C8800045C49CF505019D6B9B6B9C6B9D6B0801E2
:10C89000386B376B010E366F9D0E356F43C439F818
:10C8A000000169EC13F0040000D0000042C499F5C7
:10C8B00005019A6B9B6B9C6B0801386B376B010E03
:10C8C000366F9E0E356F42C439F8000169EC13F0E3
:10C8D000040000D000003FC49AF540C49BF541C459
:10C8E0009CF505019D6B9B6B9C6B9D6B0801386BE8
:10C8F000376B010E366F9B0E356F3FC439F8000160
:10C9000069EC13F0040000D000003EC499F5050165
:10C910009A6B9B6B9C6B0801386B376B010E366F03
:10C920009C0E356F3EC439F8000169EC13F0040029
:10C9300000D0000006D06E0EF66E240EF76EC3EC2B
:10C9400015F0050104014EB503D0050105D0040121
:10C950000501842B09EF60F0000177EF7BF0040103
:10C960004EB749D0700EF66E210EF76E0001C3EC83
:10C9700015F065C5C6F5180E0501C76F0001F0EC8E
:10C9800041F00D0EA4A8FED7736E0A0EA4A8FED720
:10C99000736E050EEA6E660EE96EF2CF73F5F29EC7
:10C9A0000D0E016EF76A000EDBEC0CF00A000900B8
:10C9B000F5CFEEFF012EFBD7050173BFF28E050EFA
:10C9C00008013E6F660E3D6F130E406F880E3F6F7D
:10C9D0000001B3EC1DF00501655304E104014E9321
:10C9E00003D0050104014E95050E0801B66F000144
:10C9F00054EC12F004010001120091C5E9FF92C548
:10CA0000EAFF96C53AF895C539F894C538F893C544
:10CA100037F8000180EC26F000C0EFFF01C0ECFF0A
:10CA200002C0ECFF03C0ECFF91C5E9FF92C5EAFF2D
:10CA3000EFCF00F0ECCF01F0ECCF02F0ECCF03F041
:10CA400003C09EF502C09DF501C09CF500C09BF59A
:10CA50000001B3EC5EF0EACF9CF5E9CF9BF5D882FC
:10CA600096C540F895C53FF894C53EF893C53DF886
:10CA700003C044F802C043F801C042F800C041F8C6
:10CA800086EC29F09CC5EAFF9BC5E9FF03C0A0F531
:10CA900002C09FF501C09EF500C09DF503C03CF8A3
:10CAA00002C03BF801C03AF800C039F8800E080116
:10CAB000406F960E3F6F180E3E6F960E3D6F000151
:10CAC0008CEC17F003C096F502C095F501C094F503
:10CAD00000C093F596C53CF895C53BF894C53AF867
:10CAE00093C539F80801406B3F6B480E3E6F850EC9
:10CAF0003D6F00018CEC17F003C09EF502C09DF560
:10CB000001C09CF500C09BF503C040F802C03FF88F
:10CB100001C03EF800C03DF80801446B436B480E6D
:10CB2000426F850E416F0001D7EC28F003C03AF840
:10CB300002C039F801C038F800C037F880EC26F0A0
:10CB400003C09AF502C099F501C098F500C097F5A9
:10CB5000040E05019125E96E000E9221EA6E016A2C
:10CB6000026A036A97C5EFFF01C0ECFF02C0ECFF49
:10CB700003C0ECFF080E9125E96E000E9221EA6ECB
:10CB8000016A026A036A98C5EFFF01C0ECFF02C0A8
:10CB9000ECFF03C0ECFF0C0E9125E96E000E922114
:10CBA000EA6E016A026A036A99C5EFFF01C0ECFFF1
:10CBB00002C0ECFF03C0ECFF0001120045C47EF58B
:10CBC00044C47DF543C47CF542C47BF50401455360
:10CBD0000FE144530DE1435101080AE303E14251DF
:10CBE0009E0806E3456B446B010E436F9F0E426F38
:10CBF00045530EE144530CE143510008D8B050EFC7
:10CC00006BF0FF0A05E142519E08D8B050EF6BF07F
:10CC10004553D8A450EF6BF044510108D8A050EF11
:10CC20006BF00BE14351E808D8A050EF6BF005E141
:10CC300042514708D8A050EF6BF045C403F044C4FC
:10CC400002F043C401F042C400F0010E4227D8B004
:10CC5000432BD8B4442BD8B4452B03C094F502C061
:10CC600093F501C092F500C091F503C038F802C0F9
:10CC700037F801C036F800C035F8230E0801396FC7
:10CC8000000169EC13F00400050E006E002EFED7C3
:10CC900000D000000CC28FF50501906B040145C463
:10CCA00003F044C402F043C401F042C400F0010E9A
:10CCB0004227D8B0432BD8B4442BD8B4452B03C05B
:10CCC00094F502C093F501C092F500C091F503C040
:10CCD00038F802C037F801C036F800C035F88FC503
:10CCE00039F8000169EC13F00400050E006E002E07
:10CCF000FED700D0000005010DC28FF5906B040136
:10CD000045C403F044C402F043C401F042C400F03F
:10CD1000010E4227D8B0432BD8B4442BD8B4452BAE
:10CD200003C094F502C093F501C092F500C091F5DF
:10CD300003C038F802C037F801C036F800C035F833
:10CD40008FC539F8000169EC13F00400050E006E80
:10CD5000002EFED700D00000040145C403F044C4F7
:10CD600002F043C401F042C400F0010E4227D8B0E3
:10CD7000432BD8B4442BD8B4452B03C094F502C040
:10CD800093F501C092F500C091F503C038F802C0D8
:10CD900037F801C036F800C035F80AC239F800018A
:10CDA00069EC13F00400050E006E002EFED700D0D3
:10CDB0000000040145C403F044C402F043C401F080
:10CDC00042C400F0010E4227D8B0432BD8B4442B04
:10CDD000D8B4452B03C094F502C093F501C092F579
:10CDE00000C091F503C038F802C037F801C036F82A
:10CDF00000C035F80BC239F8000169EC13F00400EB
:10CE0000050E006E002EFED700D00000040145C4C0
:10CE100003F044C402F043C401F042C400F0010E28
:10CE20004227D8B0432BD8B4442BD8B4452B03C0E9
:10CE300094F502C093F501C092F500C091F503C0CE
:10CE400038F802C037F801C036F800C035F807C21C
:10CE500039F8000169EC13F00400050E006E002E95
:10CE6000FED700D00000040145C403F044C402F022
:10CE700043C401F042C400F0010E4227D8B0432B56
:10CE8000D8B4442BD8B4452B03C094F502C093F515
:10CE900001C092F500C091F503C038F802C037F820
:10CEA00001C036F800C035F808C239F8000169EC55
:10CEB00013F00400050E006E002EFED700D0000017
:10CEC000040145C403F044C402F043C401F042C469
:10CED00000F0010E4227D8B0432BD8B4442BD8B46D
:10CEE000452B03C094F502C093F501C092F500C034
:10CEF00091F503C038F802C037F801C036F800C019
:10CF000035F809C239F8000169EC13F00400050E88
:10CF1000006E002EFED700D00000050E0501926FB6
:10CF2000650E916FDCC196F5DBC195F5DAC194F51C
:10CF3000D9C193F5000161DD040145C403F044C487
:10CF400002F043C401F042C400F0010E4227D8B001
:10CF5000432BD8B4442BD8B4452B03C094F502C05E
:10CF600093F501C092F500C091F503C038F802C0F6
:10CF700037F801C036F800C035F865C539F800014A
:10CF800069EC13F00400050E006E002EFED700D0F1
:10CF90000000040145C403F044C402F043C401F09E
:10CFA00042C400F0010E4227D8B0432BD8B4442B22
:10CFB000D8B4452B03C094F502C093F501C092F597
:10CFC00000C091F503C038F802C037F801C036F848
:10CFD00000C035F869C539F8000169EC13F00400A8
:10CFE000050E006E002EFED700D00000040145C4DF
:10CFF00003F044C402F043C401F042C400F0010E47
:10D000004227D8B0432BD8B4442BD8B4452B03C007
:10D0100094F502C093F501C092F500C091F503C0EC
:10D0200038F802C037F801C036F800C035F86DC5D1
:10D0300039F8000169EC13F00400050E006E002EB3
:10D04000FED700D00000040145C403F044C402F040
:10D0500043C401F042C400F0010E4227D8B0432B74
:10D06000D8B4442BD8B4452B03C094F502C093F533
:10D0700001C092F500C091F503C038F802C037F83E
:10D0800001C036F800C035F871C539F8000169EC07
:10D0900013F00400050E006E002EFED700D0000035
:10D0A000050E0501926F650E916FE0C196F5DFC127
:10D0B00095F5DEC194F5DDC193F500019EDC040118
:10D0C00045C403F044C402F043C401F042C400F07C
:10D0D000010E4227D8B0432BD8B4442BD8B4452BEB
:10D0E00003C094F502C093F501C092F500C091F51C
:10D0F00003C038F802C037F801C036F800C035F870
:10D1000065C539F8000169EC13F00400050E006EE6
:10D11000002EFED700D00000040145C403F044C433
:10D1200002F043C401F042C400F0010E4227D8B01F
:10D13000432BD8B4442BD8B4452B03C094F502C07C
:10D1400093F501C092F500C091F503C038F802C014
:10D1500037F801C036F800C035F869C539F8000164
:10D1600069EC13F00400050E006E002EFED700D00F
:10D170000000040145C403F044C402F043C401F0BC
:10D1800042C400F0010E4227D8B0432BD8B4442B40
:10D19000D8B4452B03C094F502C093F501C092F5B5
:10D1A00000C091F503C038F802C037F801C036F866
:10D1B00000C035F86DC539F8000169EC13F00400C2
:10D1C000050E006E002EFED700D00000040145C4FD
:10D1D00003F044C402F043C401F042C400F0010E65
:10D1E0004227D8B0432BD8B4442BD8B4452B03C026
:10D1F00094F502C093F501C092F500C091F503C00B
:10D2000038F802C037F801C036F800C035F871C5EB
:10D2100039F8000169EC13F00400050E006E002ED1
:10D22000FED700D00000040145C403F044C402F05E
:10D2300043C401F042C400F0010E4227D8B0432B92
:10D24000D8B4442BD8B4452B03C094F502C093F551
:10D2500001C092F500C091F503C038F802C037F85C
:10D2600001C036F800C035F85FC139F8000169EC3B
:10D2700013F00400050E006E002EFED700D0000053
:10D28000040145C403F044C402F043C401F042C4A5
:10D2900000F0010E4227D8B0432BD8B4442BD8B4A9
:10D2A000452B03C094F502C093F501C092F500C070
:10D2B00091F5FFC195F50501966B03C038F802C0E2
:10D2C00037F801C036F800C035F8FFC139F8000161
:10D2D00069EC13F00400050E006E002EFED700D09E
:10D2E0000000040145C403F044C402F043C401F04B
:10D2F00042C400F0010E4227D8B0432BD8B4442BCF
:10D30000D8B4452B03C094F502C093F501C092F543
:10D3100000C091F500C296F50501976B976B03C0AD
:10D3200038F802C037F801C036F800C035F800C23E
:10D3300039F8000169EC13F00400050E006E002EB0
:10D34000FED700D00000040145C403F044C402F03D
:10D3500043C401F042C400F0010E4227D8B0432B71
:10D36000D8B4442BD8B4452B03C094F502C093F530
:10D3700001C092F500C091F503C038F802C037F83B
:10D3800001C036F800C035F81FC239F8000169EC59
:10D3900013F00400050E006E002EFED700D0000032
:10D3A000040145C403F044C402F043C401F042C484
:10D3B00000F0010E4227D8B0432BD8B4442BD8B488
:10D3C000452B03C094F502C093F501C092F500C04F
:10D3D00091F58EC095F50501966B03C038F802C033
:10D3E00037F801C036F800C035F88EC039F80001B2
:10D3F00069EC13F00400050E006E002EFED700D07D
:10D400000000040145C403F044C402F043C401F029
:10D4100042C400F0010E4227D8B0432BD8B4442BAD
:10D42000D8B4452B03C094F502C093F501C092F522
:10D4300000C091F58FC096F50501976B976B03C0FF
:10D4400038F802C037F801C036F800C035F88FC090
:10D4500039F8000169EC13F00400050E006E002E8F
:10D46000FED700D00000040145C403F044C402F01C
:10D4700043C401F042C400F0010E4227D8B0432B50
:10D48000D8B4442BD8B4452B03C094F502C093F50F
:10D4900001C092F500C091F503C038F802C037F81A
:10D4A00001C036F800C035F826C239F8000169EC31
:10D4B00013F00400050E006E002EFED700D0000011
:10D4C000040145C403F044C402F043C401F042C463
:10D4D00000F0010E4227D8B0432BD8B4442BD8B467
:10D4E000452B03C094F502C093F501C092F500C02E
:10D4F00091F524C295F50501966B03C038F802C07A
:10D5000037F801C036F800C035F824C239F80001F8
:10D5100069EC13F00400050E006E002EFED700D05B
:10D520000000040145C403F044C402F043C401F008
:10D5300042C400F0010E4227D8B0432BD8B4442B8C
:10D54000D8B4452B03C094F502C093F501C092F501
:10D5500000C091F525C296F50501976B976B03C046
:10D5600038F802C037F801C036F800C035F825C2D7
:10D5700039F8000169EC13F00400050E006E002E6E
:10D58000FED700D00000040145C403F044C402F0FB
:10D5900043C401F042C400F0010E4227D8B0432B2F
:10D5A000D8B4442BD8B4452B03C094F502C093F5EE
:10D5B00001C092F500C091F503C038F802C037F8F9
:10D5C00001C036F800C035F852C439F8000169ECE2
:10D5D00013F00400050E006E002EFED700D00000F0
:10D5E00045C438F844C437F843C436F842C435F863
:10D5F0000801396B000169EC13F00400050E006EA0
:10D60000002EFED700D0000045C482F544C481F549
:10D6100043C480F542C47FF50801386B376B010EB7
:10D62000366F9A0E356F010E396F000169EC13F0F9
:10D6300043C492F544C493F545C494F50501956B34
:10D64000936B946B956B0801386B376B010E366FDB
:10D650009D0E356F43C439F8000169EC13F00400E6
:10D66000050E006E002EFED700D0000042C491F5DA
:10D670000501926B936B946B0801386B376B010E4D
:10D68000366F9E0E356F42C439F8000169EC13F015
:10D690000400050E006E002EFED700D0000004012D
:10D6A000820EF66E220EF76E080E08012A6F000138
:10D6B0000EEC24F0410EE96E41C4A3F540C4A2F57E
:10D6C0003FC4A1F53EC4A0F562EC44F00A0EA4A844
:10D6D000FED7736E0400050E006E002EFED700D03C
:10D6E0000000900EF66E220EF76E060E08012A6FED
:10D6F00000010EEC24F0410EE96E45C4A3F544C4CC
:10D70000A2F543C4A1F542C4A0F562EC44F00A0EB0
:10D71000A4A8FED7736E0400050E006E002EFED77F
:10D7200000D00000E0EF7BF0F86AD09E078E166A0A
:10D73000B886220EAF6E000EB06EA60EAC6E900EC6
:10D74000AB6E7086A00E756E010E766EA60E726EB2
:10D75000900E716E0101F46BF36BF26BF16BF86B71
:10D76000F76BF66BF56BFC6BFB6BFA6BF96BFE6B97
:10D77000FD6B0201006B0101FF6B0201026B016B8B
:10D7800003910393039503970399046B056B039B24
:10D79000066B039D039F196B1A911A931A951A979A
:10D7A0001C6B640E1B6F1E6B0F0E1D6F1F6B206BAF
:10D7B000226B010E216F410E236F256B010E246F2A
:10D7C000410E266F1A991A9B1A9D1A9F04013A91CD
:10D7D0003A933A95300E3B6F3C6B3D6B416B406B1F
:10D7E000010E3F6F9F0E3E6F456B446B436B426B68
:10D7F0003A973A993A9B3A9D3A9F4E914E934E955D
:10D800004E974E994E9B020E526F4E9D4E9F5391D6
:10D81000546B539353855397556B566B586B576B9B
:10D820005399539B596B539D539F5E915F6B606BF4
:10D83000626B616B646B636B5E835E95666B656B3D
:10D840005E975E995E9B5E9D5E9F6791696B686B5C
:10D8500067936795679767996B6B6A6BC150F00B1D
:10D86000C16E000E0F01386F396F3A6F776A786AB0
:10D87000796A080E1E6EC20E1D6E060E0801C36F79
:10D88000720EC26FC56BC46B00011DD00200170081
:10D890000023001F687474703A2F2F332E313039F3
:10D8A0002E3131362E39323A383138322F6669729C
:10D8B0006D776172652F000A4083300180000C4152
:10D8C000064001800000000EF86ED80EF76E8C0E38
:10D8D000F66E0900F550006E000A13E00900F550DD
:10D8E000016EE8BE05D00F0BEA6E0900F550E96E37
:10D8F00001BC090001AC0900F550EE6E004EE9D7FD
:10D90000F9D7F86A0401EC6BEE9105012F6B306BCF
:10D91000326B316B0401EE93640E0801B66F0001A7
:10D9200054EC12F06CEF12F0640E0801B66F0001B7
:10D9300054EC12F008012D6B2C6B2B6BF70E2A6F39
:10D940000001E1EC12F001C03CF505013C5303E09D
:10D950003C51020827E1010E3C6F0801386B376B20
:10D96000366BF70E356F3CC539F8000169EC13F0E2
:10D970000A0E0801B66F000154EC12F00801386B72
:10D98000376B366BF80E356FA50E396F000169ECF9
:10D9900013F00A0E0801B66F000154EC12F00401F6
:10D9A000EE83050100010AEC14F04EEC14F05AEC81
:10D9B00014F094948B9494928B9294908B80929088
:10D9C000899092928982040E0501656FFA0E080112
:10D9D000B66F000154EC12F00501652FF7D7929253
:10D9E0008992040E656FFA0E0801B66F000154ECBF
:10D9F00012F00501652FF7D7929089800A0E656FA6
:10DA0000D20E0801B66F000154EC12F00501652F2B
:10DA1000F7D79290899008012D6B2C6B2B6BF30E2E
:10DA20002A6F0001E1EC12F001502108D8B4D9D0DE
:10DA3000B886A00EAF6E010EB06EA60EAC6E900E44
:10DA4000AB6E040E0501656FFA0E0801B66F00019A
:10DA500054EC12F00501652FF7D7040EF66E1E0E7A
:10DA6000F76E000195EC14F00A0E0501656FFA0ED1
:10DA70000801B66F000154EC12F00501652FF7D7CD
:10DA8000949A8B8AB886220EAF6E000EB06EA60EE8
:10DA9000AC6E900EAB6E080E656FFA0E0801B66F95
:10DAA000000154EC12F00501652FF7D7100E656FD9
:10DAB000FA0E0801B66F000154EC12F00501652F53
:10DAC000F7D7949A8B9A140E656FFA0E0801B66F09
:10DAD000000154EC12F00501652FF7D7140E656FA5
:10DAE000FA0E0801B66F000154EC12F00501652F23
:10DAF000F7D71E0EF66E1E0EF76E000195EC14F0B1
:10DB0000140E0501656FFA0E0801B66F000154ECA2
:10DB100012F00501652FF7D72E0EF66E1E0EF76E6A
:10DB2000000195EC14F0140E0501656FFA0E080162
:10DB3000B66F000154EC12F00501652FF7D73E0EC9
:10DB4000F66E1E0EF76E000195EC14F0140E050132
:10DB5000656FFA0E0801B66F000154EC12F0050172
:10DB6000652FF7D7500EF66E1E0EF76E000195EC7E
:10DB700014F0140E0501656FFA0E0801B66F00016E
:10DB800054EC12F00501652FF7D7600EF66E1E0EED
:10DB9000F76E000195EC14F0140E0501656FFA0E96
:10DBA0000801B66F000154EC12F00501652FF7D79C
:10DBB0000801386B376B366BF30E356F210E396FFA
:10DBC000000169EC13F0060E0501656FFA0E0801FD
:10DBD000B66F000154EC12F00501652FF7D7AAD0FB
:10DBE0000001140E0501656FFA0E0801B66F000101
:10DBF00054EC12F00501652FF7D77D6B030E7C6F97
:10DC00007B69100E7A6F140E7E6F010E806F6F0E9F
:10DC10007F6F0001A6EC14F0320E0801B66F000110
:10DC200054EC12F005017D6B030E7C6F7B69300EA6
:10DC30007A6F140E7E6F010E806F850E7F6F00016C
:10DC4000A6EC14F0320E0801B66F000154EC12F08D
:10DC500005017D6B030E7C6F7B69500E7A6F0A0E97
:10DC60007E6F010E806F9D0E7F6F0001A6EC14F099
:10DC7000320E0801B66F000154EC12F0040E0401DC
:10DC80006B6F6C0E6A6F700EF66E1E0EF76E090EDD
:10DC900008012A6F000137EC15F0010EEA6E6F0ED5
:10DCA000E96E4BEC15F02C0E0801376F000126ECE5
:10DCB00015F0010EEA6E850EE96E4BEC15F02C0E98
:10DCC0000801376F000126EC15F0010EEA6E9D0E7B
:10DCD000E96E4BEC15F0810EF66E1E0EF76E140E0B
:10DCE00008012A6F000137EC15F0040E0501666F7C
:10DCF0006C0E656F00015DEF15F001C03DF5040E7F
:10DD0000EA6E6C0EE96E8BEF15F02A0E9EA8FED718
:10DD1000AD6E3DC565F5570E0501666F00019FEFBD
:10DD200015F00D0E9EA8FED7AD6E0A0E9EA8FED76A
:10DD3000AD6E0501960EF66E1E0EF76E0001C3EC79
:10DD400015F0060E0501656FFA0E0801B66F0001A9
:10DD500054EC12F00501652FF7D7480E0609BA6E8C
:10DD6000F90EBB6E9D82C00EF212C80E0801B66F8E
:10DD7000000154EC12F007EF18F00A0E0501656F70
:10DD8000FA0E0801B66F000154EC12F00501652F80
:10DD9000F7D70001F3EC1EF00A0E0501656FFA0ECD
:10DDA0000801B66F000154EC12F00501652FF7D79A
:10DDB0000001FEEF22F0FA0E0801B66F000154ECEC
:10DDC00012F0A60EF66E1E0EF76EC3EC15F00D0ED9
:10DDD00005013E6F0A0E3F6F4F0E406F4B0E416FB5
:10DDE000426B050E08013E6F3E0E3D6F270E406FE1
:10DDF000100E3F6F0001B3EC1DF0040E0501656FBE
:10DE0000FA0E0801B66F000154EC12F00501652FFF
:10DE1000F7D7300E0401516F000157EC1EF001C01E
:10DE200050F408012D6B2C6B2B6BCE0E2A6F00016A
:10DE3000E1EC12F001502A082BE10A0E0801B66F3E
:10DE4000000154EC12F008012D6B2C6B2B6BCF0EE4
:10DE50002A6F0001E1EC12F001C004F20A0E080181
:10DE6000B66F000154EC12F008012D6B2C6B2B6B7C
:10DE7000D00E2A6F0001E1EC12F001C005F20A0E8B
:10DE80000801B66F000154EC12F00201038B1AD0A6
:10DE900004015051310803E05051350812E10001EE
:10DEA00036EC3EF0040E0501656FFA0E0801B66F00
:10DEB000000154EC12F00501652FF7D7000175EC55
:10DEC0003FF0020100010CEC41F004014E8F9494EC
:10DED0008B9453A527D002011ABB02D0040122D093
:10DEE00094928B820A0E0501656FFA0E0801B66FD7
:10DEF000000154EC12F00501652FF7D702011AADAD
:10DF000006D00501666B000153EC42F002011AAF26
:10DF100007D0010E0501666F000153EC42F00201CB
:10DF200004D0040194928B920201080E0501656FE2
:10DF3000FA0E0801B66F000154EC12F00501652FCE
:10DF4000F7D7040E04016B6F6C0E6A6FB20EF66E9B
:10DF50001E0EF76E120E08012A6F000137EC15F045
:10DF6000EA6A980EE96E4BEC15F004014EA30ED050
:10DF7000040E0501666F6C0E656F676B000157EC50
:10DF800045F004014EA702D0020E546F4EA50BD0EF
:10DF9000040E0501666F6C0E656F010E676F000160
:10DFA00057EC45F00401010EEA6E450EE96EF2CF22
:10DFB00065F5F29E000E000133EC08F00A0009003E
:10DFC000F550EE6E0009FBE1050165BFF28E04011C
:10DFD0005E813ABF04D03C2D02D0010E566F040082
:10DFE00000D000009EAAF5D00001F7EF45F001C077
:10DFF000EDF404016789ED510A080EE0EC517E084A
:10E000000BE3EC51EC2B036A6C0FE96E040E03205A
:10E01000EA6EEDC4EFFFD4D0ED510A08D8A4D0D0F9
:10E02000036AEC516C0FE96E040E0320EA6EEF6A8E
:10E03000EC6B02011AB15BD0050EEA6E3E0EE96E82
:10E04000F2CF65F5F29E070E016EF76A000E000131
:10E0500043EC08F00A000900F5CFEEFF012EFBD7D4
:10E06000050165BFF28E040E08012D6F6C0E2C6F3A
:10E07000050E2F6F3E0E2E6F316B060E306F0001B6
:10E080004AEC22F0015227E0050EEA6E3E0EE96EE0
:10E09000F2CF67F5F29E070E016EF76A000E54ECA0
:10E0A00008F00A000900F5CFEEFF012EFBD70501AD
:10E0B00067BFF28E040E08012D6F6C0E2C6F050EDB
:10E0C0002F6F3E0E2E6F316B060E306F00014AEC43
:10E0D00022F001520AE102011A81040E0501666F65
:10E0E0006C0E656F000103EF46F05CD002011AB3BD
:10E0F0005AD0050EEA6E3E0EE96EF2CF65F5F29E3D
:10E10000070E016EF76A000E000165EC08F00A00C8
:10E110000900F5CFEEFF012EFBD7050165BFF28E9A
:10E12000040E08012D6F6C0E2C6F050E2F6F3E0E26
:10E130002E6F316B060E306F00014AEC22F0015257
:10E1400027E0050EEA6E3E0EE96EF2CF67F5F29E0D
:10E15000070E016EF76A000E76EC08F00A0009005F
:10E16000F5CFEEFF012EFBD7050167BFF28E040E3F
:10E1700008012D6F6C0E2C6F050E2F6F3E0E2E6F4B
:10E18000316B060E306F00014AEC22F001520AE1B9
:10E1900002011A83040E0501666F6C0E656F0001A3
:10E1A000A7EF46F002011AA30CD01AA10AD004016D
:10E1B000678302011A931A91040167856799EE81BA
:10E1C0000201040167A705D0679767994E9D949453
:10E1D0008B9467A90DD002011AA502D0040108D0C2
:10E1E0000401EEA1EAEF7DF05653D8B4EAEF7DF0DA
:10E1F000EE9167A521EF75F06795EC6B040EEA6E62
:10E200006C0EE96E006A026A800E016E00011CEF5E
:10E2100047F001019B51310805E09B513208D8A419
:10E2200018EF75F004014E8D94948B840501306BCA
:10E23000000108EF48F0040000D00000300E01019A
:10E240006F5D0A0DF3CF65F5300E0101705D0501BC
:10E2500065252F6F040000D00000300E0101715DB4
:10E260000A0DF3CF65F5300E0101725D05016527DA
:10E27000300E0101745D08013E6B3D6F0001BCEC86
:10E2800028F003C03CF802C03BF801C03AF800C0D7
:10E2900039F8CD0E0801406FCC0E3F6F4C0E3E6F2B
:10E2A0007B0E3D6F00018CEC17F003C069F502C0D6
:10E2B00068F501C067F500C066F508013E6B65C5ED
:10E2C0003DF80001BCEC28F0D89203C040F802C031
:10E2D0003FF801C03EF800C03DF869C544F868C584
:10E2E00043F867C542F866C541F886EC29F003C0DB
:10E2F0006DF502C06CF501C06BF500C06AF5300E1B
:10E300000101755D08013E6B3D6F0001BCEC28F01A
:10E3100003C03CF802C03BF801C03AF800C039F82D
:10E320000A0E0801406FD70E3F6F230E3E6F780E26
:10E330003D6F00018CEC17F0D8926DC540F86CC5AC
:10E340003FF86BC53EF86AC53DF803C044F802C00B
:10E3500043F801C042F800C041F886EC29F003C040
:10E360006DF502C06CF501C06BF500C06AF5300EAA
:10E370000101765D08013E6B3D6F0001BCEC28F0A9
:10E3800003C03CF802C03BF801C03AF800C039F8BD
:10E390006F0E0801406F120E3F6F030E3E6F750E39
:10E3A0003D6F00018CEC17F0D8926DC540F86CC53C
:10E3B0003FF86BC53EF86AC53DF803C044F802C09B
:10E3C00043F801C042F800C041F886EC29F003C0D0
:10E3D0006DF502C06CF501C06BF500C06AF5300E3A
:10E3E0000101775D08013E6B3D6F0001BCEC28F038
:10E3F00003C03CF802C03BF801C03AF800C039F84D
:10E40000170E0801406FB70E3F6F510E3E6F710E31
:10E410003D6F00018CEC17F0D8926DC540F86CC5CB
:10E420003FF86BC53EF86AC53DF803C044F802C02A
:10E4300043F801C042F800C041F886EC29F003C05F
:10E44000DCF102C0DBF101C0DAF100C0D9F1040057
:10E4500000D00000DCC140F8DBC13FF8DAC13EF873
:10E46000D9C13DF80801446B436B700E426F840EB6
:10E47000416F0001D7EC28F003C068F502C067F5D2
:10E4800001C066F500C065F508013E6B2FC53DF87B
:10E490000001BCEC28F0D89203C040F802C03FF85D
:10E4A00001C03EF800C03DF868C544F867C543F8B0
:10E4B00066C542F865C541F886EC29F003C0DCF179
:10E4C00002C0DBF101C0DAF100C0D9F1040000D0D4
:10E4D0000000300E0101855D640DF3CF65F5300E4F
:10E4E0000101865D0A0DF35005016527300E01011B
:10E4F000875D050165252F6F040000D00000300EF8
:10E500000101885D0A0DF3CF65F5300E0101895DCB
:10E5100005016527300E01018B5D08013E6B3D6FE3
:10E520000001BCEC28F003C03CF802C03BF801C07D
:10E530003AF800C039F8CD0E0801406FCC0E3F6F9D
:10E540004C0E3E6F7B0E3D6F00018CEC17F003C04C
:10E5500069F502C068F501C067F500C066F50801FD
:10E560003E6B65C53DF80001BCEC28F0D89203C0B5
:10E5700040F802C03FF801C03EF800C03DF869C550
:10E5800044F868C543F867C542F866C541F886ECAB
:10E5900029F003C06DF502C06CF501C06BF500C039
:10E5A0006AF5300E01018C5D08013E6B3D6F000184
:10E5B000BCEC28F003C03CF802C03BF801C03AF8BC
:10E5C00000C039F80A0E0801406FD70E3F6F230EC6
:10E5D0003E6F780E3D6F00018CEC17F0D8926DC540
:10E5E00040F86CC53FF86BC53EF86AC53DF803C0FE
:10E5F00044F802C043F801C042F800C041F886EC7C
:10E6000029F003C06DF502C06CF501C06BF500C0C8
:10E610006AF5300E01018D5D08013E6B3D6F000112
:10E62000BCEC28F003C03CF802C03BF801C03AF84B
:10E6300000C039F86F0E0801406F120E3F6F030ED5
:10E640003E6F750E3D6F00018CEC17F0D8926DC5D2
:10E6500040F86CC53FF86BC53EF86AC53DF803C08D
:10E6600044F802C043F801C042F800C041F886EC0B
:10E6700029F003C06DF502C06CF501C06BF500C058
:10E680006AF5300E01018E5D08013E6B3D6F0001A1
:10E69000BCEC28F003C03CF802C03BF801C03AF8DB
:10E6A00000C039F8170E0801406FB70E3F6F510ECA
:10E6B0003E6F710E3D6F00018CEC17F0D8926DC566
:10E6C00040F86CC53FF86BC53EF86AC53DF803C01D
:10E6D00044F802C043F801C042F800C041F886EC9B
:10E6E00029F003C0E0F102C0DFF101C0DEF100C09B
:10E6F000DDF1040000D00000E0C140F8DFC13FF8C8
:10E70000DEC13EF8DDC13DF80801446B436B700E7D
:10E71000426F840E416F0001D7EC28F003C068F50A
:10E7200002C067F501C066F500C065F508013E6BE3
:10E730002FC53DF80001BCEC28F0D89203C040F88A
:10E7400002C03FF801C03EF800C03DF868C544F87B
:10E7500067C543F866C542F865C541F886EC29F0FF
:10E7600003C0E0F102C0DFF101C0DEF100C0DDF165
:10E77000040000D00000010E08012B6FB60E2A6FB6
:10E780000001FFEC15F002C0B4F501C0B3F527ECB1
:10E7900017F003C06EF102C06DF101C06CF100C052
:10E7A0006BF1040000D000006EC13CF86DC13BF875
:10E7B0006CC13AF86BC139F8560E0801406F0E0E65
:10E7C0003F6F6D0E3E6F7F0E3D6F00018CEC17F0BA
:10E7D00003C06EF102C06DF101C06CF100C06BF1BD
:10E7E000040000D000006EC1C6F56DC1C5F56CC156
:10E7F000C4F56BC1C3F557EC3FF002C060F101C036
:10E800005FF1040000D00000EA6A900EE96EF2CFDA
:10E8100065F5F29E000E87EC08F00A000900F5503D
:10E82000EE6E0009FBE1050165BFF28E040000D029
:10E83000000004013C53D8A4CAD039C565F53AC5D7
:10E8400066F53BC567F507C268F508C269F509C2F8
:10E850006AF5000185EF48F00501386B01C037F516
:10E86000385304E137510408D8B0AFD001016351E7
:10E870005F5D0501656F0101645160590501666FB7
:10E88000756F65C574F538C577F537C576F5000140
:10E890002AEC47F002C03EF801C03DF80001BCEC94
:10E8A00028F003C036F502C035F501C034F500C0CC
:10E8B00033F536C53CF835C53BF834C53AF833C5B1
:10E8C00039F8E40E0801406F380E3F6F0E0E3E6FB0
:10E8D0007D0E3D6F00018CEC17F003C036F502C0D1
:10E8E00035F501C034F500C033F549C4C6F548C458
:10E8F000C5F547C4C4F546C4C3F536C5CAF535C524
:10E90000C9F534C5C8F533C5C7F54FEC17F009E3B1
:10E9100004014E894E9B310E0001866F300E856FCB
:10E9200049D036C5C6F535C5C5F534C5C4F533C5BA
:10E93000C3F549C4CAF548C4C9F547C4C8F546C4B7
:10E94000C7F54FEC17F01BE34DC4C6F54CC4C5F535
:10E950004BC4C4F54AC4C3F536C5CAF535C5C9F5B7
:10E9600034C5C8F533C5C7F54FEC17F008E304010B
:10E970004E9B4E99300E0001856F866F1BD036C5B9
:10E98000C6F535C5C5F534C5C4F533C5C3F54DC4A5
:10E99000CAF54CC4C9F54BC4C8F54AC4C7F54FEC19
:10E9A00017F008E304014E8B4E99310E0001856F7C
:10E9B000300E866F60C164F15FC163F107C239F543
:10E9C00008C23AF509C23BF5050106D00401300E34
:10E9D0000001856F866F050108012D6B030E2C6FFA
:10E9E0002B69100E2A6F010E2F6F6F0E2E6F000114
:10E9F0003DEC25F008012D6B030E2C6F2B69300EBA
:10EA00002A6F010E2F6F850E2E6F00013DEC25F051
:10EA100008012D6B030E2C6F2B69500E2A6F010E0F
:10EA20002F6F9D0E2E6F00013DEC25F00BD00101E4
:10EA300005013051040801E3302B04014E9D9494EC
:10EA40008B94000104015EAD0BD05EAF09D00501CF
:10EA5000656B0001C4EF48F004015E9D5E9F5E9708
:10EA60005EAB0AD067A108D008012A6B000148EC10
:10EA700026F004015E9B67915EA703D05EBD01D0C6
:10EA80005E8D4EAD12D23ABF02D0010E566F3C538E
:10EA9000D8A496D1E4C168F5E3C167F5E2C166F593
:10EAA000E1C165F5E8C16CF5E7C16BF5E6C16AF552
:10EAB000E5C169F5DCC170F5DBC16FF5DAC16EF552
:10EAC000D9C16DF5E0C174F5DFC173F5DEC172F532
:10EAD000DDC171F5000194EC57F003C0F4F102C000
:10EAE000F3F101C0F2F100C0F1F1CD0E0501C66FE6
:10EAF000CC0EC56F4C0EC46F7B0EC36FF4C1CAF54C
:10EB0000F3C1C9F5F2C1C8F5F1C1C7F500014FEC79
:10EB100017F001E223E101015F5305E16053D8A43E
:10EB200002D000011BD004015EA902D0000116D062
:10EB3000DCC1E4F1DBC1E3F1DAC1E2F1D9C1E1F119
:10EB4000E0C1E8F1DFC1E7F1DEC1E6F1DDC1E5F1E9
:10EB5000020103811C6B640E1B6F38D0CD0E0501C2
:10EB6000C66FCC0EC56F4C0EC46F7C0EC36FF4C164
:10EB7000CAF5F3C1C9F5F2C1C8F5F1C1C7F5000185
:10EB80004FEC17F001E223E101015F5305E160530F
:10EB9000D8A402D000011BD004015EB902D000014C
:10EBA00016D0DCC1E4F1DBC1E3F1DAC1E2F1D9C195
:10EBB000E1F1E0C1E8F1DFC1E7F1DEC1E6F1DDC17D
:10EBC000E5F1020103811C6BC80E1B6F00010101FE
:10EBD000605304E15F510208D8B0F0D06251605D2B
:10EBE00007E303E15F51615D03E202010387010175
:10EBF000010E08012B6FCF0E2A6F2D6B2C6B0001BD
:10EC0000C2EC2AF003C0C6F502C0C5F501C0C4F5C8
:10EC100000C0C3F557EC3FF002C000F201C0FFF1A5
:10EC2000FEC13EF8FDC13DF8BCEC28F003C068F51C
:10EC300002C067F501C066F500C065F500C23EF888
:10EC4000FFC13DF8BCEC28F003C06CF502C06BF5C9
:10EC500001C06AF500C069F568C570F567C56FF554
:10EC600066C56EF565C56DF503C074F502C073F534
:10EC700001C072F500C071F581EC59F003C0F8F1E4
:10EC800002C0F7F101C0F6F100C0F5F102C23EF892
:10EC900001C23DF8BCEC28F003C068F502C067F57E
:10ECA00001C066F500C065F500C23EF8FFC13DF841
:10ECB000BCEC28F003C06CF502C06BF501C06AF52E
:10ECC00000C069F568C570F567C56FF566C56EF576
:10ECD00065C56DF503C074F502C073F501C072F52A
:10ECE00000C071F581EC59F003C0FCF102C0FBF1EA
:10ECF00001C0FAF100C0F9F10501C66BC56B700ED9
:10ED0000C46F820EC36FFCC1CAF5FBC1C9F5FAC15D
:10ED1000C8F5F9C1C7F500014FEC17F001E222E197
:10ED20000101605306E15F512808D8A002D000011C
:10ED300019D0645306E163511408D8A002D0000131
:10ED400011D004015EA302D000010CD000C202F277
:10ED5000FFC101F20201038560C164F15FC163F18B
:10ED60000AD0000100C202F2FFC101F260C164F1E9
:10ED70005FC163F102011EC23EF81DC23DF80001F1
:10ED8000BCEC28F003C0C6F502C0C5F501C0C4F54F
:10ED900000C0C3F5F8C1CAF5F7C1C9F5F6C1C8F599
:10EDA000F5C1C7F54FEC17F001E207E100C2FEF133
:10EDB000FFC1FDF1020103830001010175D00401CF
:10EDC000555371E1ECC168F5EBC167F5EAC166F531
:10EDD000E9C165F5F0C16CF5EFC16BF5EEC16AF5FF
:10EDE000EDC169F5DCC170F5DBC16FF5DAC16EF517
:10EDF000D9C16DF5E0C174F5DFC173F5DEC172F5FF
:10EE0000DDC171F5000194EC57F003C0F4F102C0CC
:10EE1000F3F101C0F2F100C0F1F1CD0E0501C66FB2
:10EE2000CC0EC56F4C0EC46F7B0EC36FF4C1CAF518
:10EE3000F3C1C9F5F2C1C8F5F1C1C7F500014FEC46
:10EE400017F001E22EE1040153B728D03AA326D0EF
:10EE5000050EEA6E3E0EE96EF2CF65F5F29E220EC9
:10EE6000016EF76A000E000197EC08F00A00090035
:10EE7000F5CFEEFF012EFBD7050165BFF28E010E27
:10EE80000801336F170E326F050E356F3E0E346F6B
:10EE90000001A9EC25F0010E0401566F538703D041
:10EEA000000104015397010147D0050130510408C6
:10EEB00042E204013AAB27D03AA325D03A9B050E93
:10EEC000EA6E3E0EE96EF2CF65F5F29E100E016E0F
:10EED000F76A000E0001B5EC08F00A000900F5CF52
:10EEE000EEFF012EFBD7050165BFF28E010E080172
:10EEF000336F170E326F050E356F3E0E346F000103
:10EF0000A9EC25F00401EA6A900EE96EF2CF65F5EE
:10EF1000F29E000E0001CAEC08F00A000900F5504C
:10EF2000EE6E0009FBE1050165BFF28E94948B94AF
:10EF3000040000D00000010100010AEC14F04EECC6
:10EF400014F0DEEF59F05AEC14F0EBEF59F0F8EF53
:10EF500059F0040153B31AD053B518D00501312B21
:10EF6000D8B4322B325303E1315114080CE2326B26
:10EF7000316B04015E8BC80EF66E1E0EF76E00013B
:10EF8000C3EC15F005010401539BC7D153B3C5D1A0
:10EF900053A5C3D1020103AD0DD004013AB502D08F
:10EFA000020108D0020103BF05D0000114EF5AF09E
:10EFB0000201038F040153ABB0D100010CEC41F00E
:10EFC00057EC1EF001C050F404015051300806E027
:10EFD0005051320803E05051330803E153955E99D4
:10EFE0009CD15051310804E050513508D8A495D136
:10EFF0005385539B000136EC3EF002011AB502D056
:10F000001AB784D10501606BD20EF66E1E0EF76E34
:10F010000001C3EC15F00D0E05013E6F0A0E3F6FA7
:10F020004F0E406F4B0E416F426B050E08013E6F55
:10F030003E0E3D6F130E406F880E3F6F0001B3EC24
:10F040001DF0015005016027EE0EF66E1E0EF76EE4
:10F050000001C3EC15F00D0E05013E6F0A0E3F6F67
:10F060004F0E406F4B0E416F426B050E08013E6F15
:10F070003E0E3D6F130E406F880E3F6F0001B3ECE4
:10F080001DF001500501602708012B6B1F0E2A6F30
:10F0900000010AEC17F0080E01240501656F100E3F
:10F0A000F66E1F0EF76E0C0E08012A6F00010EECB3
:10F0B00024F065C5C6F5180E0501C76F0001F0EC18
:10F0C00041F01E0EF66E1F0EF76E070E08012A6F36
:10F0D00000010EEC24F0050EEA6E3E0EE96EF2CF52
:10F0E00065F5F29E0C0E016EF76A000EDBEC08F07F
:10F0F0000A000900F5CFEEFF012EFBD7050165BF21
:10F10000F28E050E08013E6F3E0E3D6F130E406FEE
:10F11000880E3F6F0001B3EC1DF001500501602720
:10F1200060510308D8A4F1D0EA6A1F0EE96E00010D
:10F1300096EC25F0260EF66E1F0EF76EC3EC15F05A
:10F140000D0E05013E6F0A0E3F6F4F0E406F4B0EC6
:10F15000416F426B050E08013E6F3E0E3D6F4E0E35
:10F16000406F200E3F6F0001B3EC1DF00150050110
:10F170006027320EF66E1F0EF76E0001C3EC15F01D
:10F18000050EEA6E3E0EE96EF2CF65F5F29E1A0E9E
:10F19000016EF76A000EEEEC08F00A000900F5CFE8
:10F1A000EEFF012EFBD7050165BFF28E050E0801AB
:10F1B0003E6F3E0E3D6F4E0E406F200E3F6F0001C2
:10F1C000B3EC1DF001500501602702011AA709D018
:10F1D000460EF66E1F0EF76E0001C3EC15F008D058
:10F1E00002016C0EF66E1F0EF76E0001C3EC15F0F7
:10F1F000050EEA6E3E0EE96EF2CF65F5F29E1C0E2C
:10F20000016EF76A000E08EC09F00A000900F5CF5C
:10F21000EEFF012EFBD7050165BFF28E050E08013A
:10F220003E6F3E0E3D6F4E0E406F200E3F6F000151
:10F23000B3EC1DF00150050160276051060865E13F
:10F2400002011AA74ED01A950801386B376B366B3E
:10F25000F70E356F396B000169EC13F0050EEA6E9D
:10F260003E0EE96EF2CF65F5F29E100E016EF76A62
:10F27000000E23EC09F00A000900F5CFEEFF012E85
:10F28000FBD7050165BFF28E010E0801336F170E23
:10F29000326F050E356F3E0E346F0001A9EC25F07C
:10F2A000080E0501656FFA0E0801B66F000154ECF7
:10F2B00012F00501652FF7D7010E08012A6F000132
:10F2C00048EC26F0080E0501656FFA0E0801B66FCE
:10F2D000000154EC12F00501652FF7D7FF0015D09F
:10F2E00002010801386B376B366BF90E356FA50ECE
:10F2F000396F000169EC13F002011A870A0E080148
:10F30000B66F000154EC12F00501020104015051E6
:10F31000350802E15E8901D05E994EAD98D2565310
:10F32000D8B495D202011AB902D0040190D20101D9
:10F330006251605D1AE303E15F51615D16E2010E07
:10F34000EA6E450EE96EF2CF65F5F29E000E000101
:10F3500038EC09F00A000900F550EE6E0009FBE1F7
:10F36000050165BFF28E15D00101010EEA6E450E52
:10F37000E96EF2CF65F5F29E000E000133EC08F065
:10F380000A000900F550EE6E0009FBE1050165BFBA
:10F39000F28E020103A707D00397310E00018C6F94
:10F3A0008F8305D00201300E00018C6F8F93020114
:10F3B00003A307D00393310E00018B6F8F8105D01B
:10F3C0000201300E00018B6F8F91040153A706D00C
:10F3D000310E00018A6F8E8F2FD00401300E000194
:10F3E0008A6F8E9F8F6B04013C2D25D0555323E1EE
:10F3F000ECC1DCF1EBC1DBF1EAC1DAF1E9C1D9F131
:10F40000F0C1E0F1EFC1DFF1EEC1DEF1EDC1DDF100
:10F4100018C2C6F517C2C5F516C2C4F515C2C3F5A4
:10F42000000157EC3FF002C000F201C0FFF1010102
:10F43000606B5F6B04010001020103A507D0039517
:10F44000310E0001896F8E8D06D00201300E000151
:10F45000896F8E9D8F6B020103A107D00391310E3E
:10F460000001886F8E8B06D00201300E0001886F7C
:10F470008E9B8F6B04015EA906D0310E0001876F51
:10F480008E8906D00401300E0001876F8E998F6B34
:10F490008D6B0401566B3C5331E15EA318D0040E12
:10F4A000EA6E300EE96EF2CF65F5F29E000E0001B5
:10F4B00048EC09F00A000900F550EE6E0009FBE186
:10F4C000050165BFF28E020E0401526F17D0040EC3
:10F4D000EA6E300EE96EF2CF65F5F29E000E000185
:10F4E00058EC09F00A000900F550EE6E0009FBE146
:10F4F000050165BFF28E010E0401526F3C2D49D00B
:10F50000555302E13AA745D03A875507555326E0AF
:10F51000010E566F552D21D0556BDCC1ECF1DBC1CE
:10F52000EBF1DAC1EAF1D9C1E9F1E0C1F0F1DFC1F3
:10F53000EFF1DEC1EEF1DDC1EDF100C23EF8FFC139
:10F540003DF80001BCEC28F003C018F202C017F22D
:10F5500001C016F200C015F2040101D0566B040E72
:10F56000EA6E300EE96EF2CF65F5F29E000E0001F4
:10F5700069EC09F00A000900F550EE6E0009FBE1A4
:10F58000050165BFF28E0401526B0101606B5F6B78
:10F590000401040000D0000053B305D153A503D1EA
:10F5A000EE954EA302D04EB53BD05051310803E04A
:10F5B0005051350835E1010E546F4EB317D002019A
:10F5C0001ABD02D0040112D0640E0801B66F00010A
:10F5D00054EC12F00501666B000153EC42F0640E2E
:10F5E0000801B66F000154EC12F004014EB518D0BA
:10F5F00002011ABF02D0040113D0640E0801B66FD5
:10F60000000154EC12F0010E0501666F000153EC8D
:10F6100042F0640E0801B66F000154EC12F00401D0
:10F620004EA36CD0020E546F525102080DE1910EA0
:10F63000020106250501616F010E626FD8B0622BD1
:10F64000636B646B0CD00401940E02010625050166
:10F65000616F010E626FD8B0622B636B646B996B44
:10F6600064C59DF563C59CF562C59BF561C59AF5BA
:10F670000001ECEC44F0040000D00000010E050194
:10F68000996F0001FDEC5CF00D0EA4A8FED7736E1F
:10F690000A0EA4A8FED7736E04014EA729D03A8F94
:10F6A0003AA701D03A97020E546FEE8508012D6BF0
:10F6B0002C6B010E2B6F9A0E2A6F0001E1EC12F0F9
:10F6C000012C15D0010E0801B66F000154EC12F0A8
:10F6D00041C42DF840C42CF83FC42BF83EC42AF88E
:10F6E000E1EC12F00150230802E1CFEF5EF00401DB
:10F6F0000501656B0001AFEC64F004014EA529D053
:10F70000320E0801B66F000154EC12F0010E050133
:10F71000996F64C59DF563C59CF562C59BF561C590
:10F720009AF50001ECEC44F0010E0501996F00011F
:10F73000FDEC5CF00D0EA4A8FED7736E0A0EA4A813
:10F74000FED7736E010E0501656F0001AFEC64F02A
:10F750000401EEA521D00201212BD8B4222B225185
:10F7600002080EE2FF0A03E12151E70809E2226BD9
:10F77000010E216F232B23515A0802E2410E236F01
:10F78000256B010E246F410E266F010E0801B66F26
:10F79000000154EC12F00401050E0801B66F0001DF
:10F7A00054EC12F004014EA302D04EB748D002012F
:10F7B000226B010E216F410E236F0001DEEF65F019
:10F7C00057EC1EF001C050F404015051310803E021
:10F7D0005051350802E1538501D05395050E0801BB
:10F7E000B66F000154EC12F0010E0401546F0201D7
:10F7F000242BD8B4252B255102080EE2FF0A03E181
:10F800002451E70809E2256B010E246F262B2651AF
:10F810005A0802E2410E266F0501325303E13151CD
:10F820000F080CE2326B316B04015E8B920EF66EA8
:10F830001F0EF76E0001C3EC15F005010401050E63
:10F840000801B66F000154EC12F090D00401565339
:10F85000D8B48BD04EBD89D0050130510408D8A052
:10F8600002D0040182D00401566B4EA351D053B391
:10F870004FD0040E6B6FEF0E6A6F9C0EF66E1F0E6C
:10F88000F76E040E08012A6F000137EC15F0EA6AE2
:10F89000980EE96E4BEC15F0A20EF66E1F0EF76E89
:10F8A0000F0E08012A6F000137EC15F002011AADA6
:10F8B00016D0040E0501666FEF0E656F676B0001D1
:10F8C00057EC45F004014EA703D0020E546F06D04A
:10F8D0000501656B0001AFEC64F0040102011AAF91
:10F8E00015D0040E0501666FEF0E656F010E676F90
:10F8F000000157EC45F004014EB707D0010E050199
:10F90000656F0001AFEC64F00401020122D0040134
:10F9100053B31ED053A51CD0020E0501656FFA0E1D
:10F920000801B66F000154EC12F00501652FF7D7FE
:10F93000666B000153EC42F0020E0501656FFA0E92
:10F940000801B66F000154EC12F00501652FF7D7DE
:10F950000201020E0501656FFA0E0801B66F000183
:10F9600054EC12F00501652FF7D7000104013AA30A
:10F9700031D153A52FD153A131D0050EEA6E3E0EE1
:10F98000E96EF2CF65F5F29E0A0E016EF76A000E7F
:10F9900000017AEC09F00A000900F5CFEEFF012E14
:10F9A000FBD7050165BFF28E010E0801336F170EFC
:10F9B000326F050E356F3E0E346F0001A9EC25F055
:10F9C000080E0501656FFA0E0801B66F000154ECD0
:10F9D00012F00501652FF7D704015E8B51513008F5
:10F9E0002AE15051350827E1050EEA6E3E0EE96E18
:10F9F000F2CF65F5F29E0A0E016EF76A000E000165
:10FA00008CEC09F00A000900F5CFEEFF012EFBD7C0
:10FA1000050165BFF28E010E0801336F170E326FBC
:10FA2000050E356F3E0E346F0001A9EC25F0310E46
:10FA30000401516F5E89515131082AE1505131085A
:10FA400027E1050EEA6E3E0EE96EF2CF65F5F29EF5
:10FA50000D0E016EF76A000E00019EEC09F00A001F
:10FA60000900F5CFEEFF012EFBD7050165BFF28E31
:10FA7000010E0801336F170E326F050E356F3E0E03
:10FA8000346F0001A9EC25F0300E0401516F5E992E
:10FA90003ABB4ED04EAD4CD03A8BDCC1E4F1DBC169
:10FAA000E3F1DAC1E2F1D9C1E1F1E0C1E8F1DFC18E
:10FAB000E7F1DEC1E6F1DDC1E5F1010E08012B6FD2
:10FAC000CF0E2A6F2D6B2C6B0001C2EC2AF003C005
:10FAD000C6F502C0C5F501C0C4F500C0C3F557ECBA
:10FAE0003FF002C0FEF101C0FDF1050EEA6E3E0ED0
:10FAF000E96EF2CF65F5F29E0C0E016EF76A000E0C
:10FB0000B2EC09F00A000900F5CFEEFF012EFBD799
:10FB1000050165BFF28E010E0801336F170E326FBB
:10FB2000050E356F3E0E346F0001A9EC25F004017F
:10FB30003AB929D04EA327D04EA725D03A89050E31
:10FB4000EA6E3E0EE96EF2CF65F5F29E110E016E81
:10FB5000F76A000E0001C5EC09F00A000900F5CFB4
:10FB6000EEFF012EFBD7050165BFF28E010E0801E5
:10FB7000336F170E326F050E356F3E0E346F000176
:10FB8000A9EC25F00401EEA325D0EE93050EEA6E54
:10FB90003E0EE96EF2CF65F5F29E0D0E016EF76A2C
:10FBA000000E0001DBEC09F00A000900F5CFEEFFC2
:10FBB000012EFBD7050165BFF28E010E0801336FE0
:10FBC000170E326F050E356F3E0E346F0001A9EC33
:0AFBD00025F00401EFEF6FF00300D1
:020000040030CA
:0E00000000F31E1D00B581000FC00FE00F4081
:00000001FF
;PIC18F26K22
;CRC=4F13  CREATED="01-Aug-25 12:36"
;VERSION=V1.2.5